step,active_regime,ttl_steps,transactions,cumulative_transactions,cumulative_entitlement,new_slots_available,selected_this_step,selected_cumulative,expired_this_step,expired_cumulative,pending_after_selection,pending_age_mean_steps,pending_age_p90_steps,pending_age_max_steps
595,1,0,5434,5434,27,27,27,27,0,0,5407,0.0,0.0,0
596,1,0,9319,14753,73,46,46,73,5407,5407,9273,0.0,0.0,0
597,1,0,2486,17239,86,13,13,86,9273,14680,2473,0.0,0.0,0
598,1,0,934,18173,90,4,4,90,2473,17153,930,0.0,0.0,0
599,1,0,1816,19989,99,9,9,99,930,18083,1807,0.0,0.0,0
600,1,0,18,20007,100,1,1,100,1807,19890,17,0.0,0.0,0
601,1,0,865,20872,104,4,4,104,17,19907,861,0.0,0.0,0
602,1,0,8,20880,104,0,0,104,861,20768,8,0.0,0.0,0
603,1,0,12,20892,104,0,0,104,8,20776,12,0.0,0.0,0
604,1,0,8,20900,104,0,0,104,12,20788,8,0.0,0.0,0
605,1,0,16,20916,104,0,0,104,8,20796,16,0.0,0.0,0
606,1,0,14,20930,104,0,0,104,16,20812,14,0.0,0.0,0
607,1,0,8,20938,104,0,0,104,14,20826,8,0.0,0.0,0
608,1,0,1082,22020,110,6,6,110,8,20834,1076,0.0,0.0,0
609,1,0,8,22028,110,0,0,110,1076,21910,8,0.0,0.0,0
610,1,0,1199,23227,116,6,6,116,8,21918,1193,0.0,0.0,0
611,1,0,14,23241,116,0,0,116,1193,23111,14,0.0,0.0,0
612,1,0,2677,25918,129,13,13,129,14,23125,2664,0.0,0.0,0
613,1,0,45,25963,129,0,0,129,2664,25789,45,0.0,0.0,0
614,1,0,1278,27241,136,7,7,136,45,25834,1271,0.0,0.0,0
615,1,0,8,27249,136,0,0,136,1271,27105,8,0.0,0.0,0
616,1,0,6,27255,136,0,0,136,8,27113,6,0.0,0.0,0
617,1,0,2680,29935,149,13,13,149,6,27119,2667,0.0,0.0,0
618,1,0,8,29943,149,0,0,149,2667,29786,8,0.0,0.0,0
619,1,0,2800,32743,163,14,14,163,8,29794,2786,0.0,0.0,0
620,1,0,8,32751,163,0,0,163,2786,32580,8,0.0,0.0,0
621,1,0,1121,33872,169,6,6,169,8,32588,1115,0.0,0.0,0
622,1,0,4,33876,169,0,0,169,1115,33703,4,0.0,0.0,0
623,1,0,6,33882,169,0,0,169,4,33707,6,0.0,0.0,0
624,1,0,10,33892,169,0,0,169,6,33713,10,0.0,0.0,0
625,1,0,24,33916,169,0,0,169,10,33723,24,0.0,0.0,0
626,1,0,6,33922,169,0,0,169,24,33747,6,0.0,0.0,0
627,1,0,4,33926,169,0,0,169,6,33753,4,0.0,0.0,0
628,1,0,6,33932,169,0,0,169,4,33757,6,0.0,0.0,0
629,1,0,20,33952,169,0,0,169,6,33763,20,0.0,0.0,0
630,1,0,150,34102,170,1,1,170,20,33783,149,0.0,0.0,0
631,1,0,12,34114,170,0,0,170,149,33932,12,0.0,0.0,0
632,1,0,8,34122,170,0,0,170,12,33944,8,0.0,0.0,0
633,1,0,8,34130,170,0,0,170,8,33952,8,0.0,0.0,0
634,1,0,10,34140,170,0,0,170,8,33960,10,0.0,0.0,0
635,1,0,16,34156,170,0,0,170,10,33970,16,0.0,0.0,0
636,1,0,12,34168,170,0,0,170,16,33986,12,0.0,0.0,0
637,1,0,3390,37558,187,17,17,187,12,33998,3373,0.0,0.0,0
638,1,0,14,37572,187,0,0,187,3373,37371,14,0.0,0.0,0
639,1,0,14,37586,187,0,0,187,14,37385,14,0.0,0.0,0
640,1,0,1398,38984,194,7,7,194,14,37399,1391,0.0,0.0,0
641,1,0,10,38994,194,0,0,194,1391,38790,10,0.0,0.0,0
642,1,0,1141,40135,200,6,6,200,10,38800,1135,0.0,0.0,0
643,1,0,14,40149,200,0,0,200,1135,39935,14,0.0,0.0,0
644,1,0,2267,42416,212,12,12,212,14,39949,2255,0.0,0.0,0
645,2,0,10,42426,212,0,0,212,2255,42204,10,0.0,0.0,0
646,2,0,20,42446,212,0,0,212,10,42214,20,0.0,0.0,0
647,2,0,10,42456,212,0,0,212,20,42234,10,0.0,0.0,0
648,2,0,14,42470,212,0,0,212,10,42244,14,0.0,0.0,0
649,2,0,263,42733,213,1,1,213,14,42258,262,0.0,0.0,0
650,2,0,16,42749,213,0,0,213,262,42520,16,0.0,0.0,0
651,2,0,10,42759,213,0,0,213,16,42536,10,0.0,0.0,0
652,2,0,14,42773,213,0,0,213,10,42546,14,0.0,0.0,0
653,2,0,8,42781,213,0,0,213,14,42560,8,0.0,0.0,0
654,2,0,8,42789,213,0,0,213,8,42568,8,0.0,0.0,0
655,2,0,4,42793,213,0,0,213,8,42576,4,0.0,0.0,0
656,2,0,1965,44758,223,10,10,223,4,42580,1955,0.0,0.0,0
657,2,0,10,44768,223,0,0,223,1955,44535,10,0.0,0.0,0
658,2,0,14,44782,223,0,0,223,10,44545,14,0.0,0.0,0
659,2,0,2500,47282,236,13,13,236,14,44559,2487,0.0,0.0,0
660,2,0,12,47294,236,0,0,236,2487,47046,12,0.0,0.0,0
661,2,0,4877,52171,260,24,24,260,12,47058,4853,0.0,0.0,0
662,2,0,2,52173,260,0,0,260,4853,51911,2,0.0,0.0,0
663,2,0,10,52183,260,0,0,260,2,51913,10,0.0,0.0,0
664,2,0,1125,53308,266,6,6,266,10,51923,1119,0.0,0.0,0
665,2,0,10,53318,266,0,0,266,1119,53042,10,0.0,0.0,0
666,2,0,6,53324,266,0,0,266,10,53052,6,0.0,0.0,0
667,2,0,1400,54724,273,7,7,273,6,53058,1393,0.0,0.0,0
668,2,0,8,54732,273,0,0,273,1393,54451,8,0.0,0.0,0
669,2,0,322,55054,275,2,2,275,8,54459,320,0.0,0.0,0
670,2,0,1906,56960,284,9,9,284,320,54779,1897,0.0,0.0,0
671,2,0,18,56978,284,0,0,284,1897,56676,18,0.0,0.0,0
672,2,0,153,57131,285,1,1,285,18,56694,152,0.0,0.0,0
673,2,0,445,57576,287,2,2,287,152,56846,443,0.0,0.0,0
674,2,0,14,57590,287,0,0,287,443,57289,14,0.0,0.0,0
675,2,0,30,57620,288,1,1,288,14,57303,29,0.0,0.0,0
676,2,0,8,57628,288,0,0,288,29,57332,8,0.0,0.0,0
677,2,0,8,57636,288,0,0,288,8,57340,8,0.0,0.0,0
678,2,0,6,57642,288,0,0,288,8,57348,6,0.0,0.0,0
679,2,0,72,57714,288,0,0,288,6,57354,72,0.0,0.0,0
680,2,0,22,57736,288,0,0,288,72,57426,22,0.0,0.0,0
681,2,0,4703,62439,312,24,24,312,22,57448,4679,0.0,0.0,0
682,2,0,6,62445,312,0,0,312,4679,62127,6,0.0,0.0,0
683,2,0,2192,64637,323,11,11,323,6,62133,2181,0.0,0.0,0
684,2,0,4562,69199,345,22,22,345,2181,64314,4540,0.0,0.0,0
685,2,0,14,69213,346,1,1,346,4540,68854,13,0.0,0.0,0
686,2,0,4689,73902,369,23,23,369,13,68867,4666,0.0,0.0,0
687,2,0,8040,81942,409,40,40,409,4666,73533,8000,0.0,0.0,0
688,2,0,7885,89827,449,40,40,449,8000,81533,7845,0.0,0.0,0
689,2,0,14,89841,449,0,0,449,7845,89378,14,0.0,0.0,0
690,2,0,4972,94813,474,25,25,474,14,89392,4947,0.0,0.0,0
691,2,0,4809,99622,498,24,24,498,4947,94339,4785,0.0,0.0,0
692,2,0,6898,106520,532,34,34,532,4785,99124,6864,0.0,0.0,0
693,2,0,4,106524,532,0,0,532,6864,105988,4,0.0,0.0,0
694,2,0,2664,109188,545,13,13,545,4,105992,2651,0.0,0.0,0
695,3,0,2827,112015,560,15,15,560,2651,108643,2812,0.0,0.0,0
696,3,0,6,112021,560,0,0,560,2812,111455,6,0.0,0.0,0
697,3,0,12,112033,560,0,0,560,6,111461,12,0.0,0.0,0
698,3,0,65,112098,560,0,0,560,12,111473,65,0.0,0.0,0
699,3,0,55,112153,560,0,0,560,65,111538,55,0.0,0.0,0
700,3,0,6,112159,560,0,0,560,55,111593,6,0.0,0.0,0
701,3,0,18,112177,560,0,0,560,6,111599,18,0.0,0.0,0
702,3,0,14,112191,560,0,0,560,18,111617,14,0.0,0.0,0
703,3,0,8,112199,560,0,0,560,14,111631,8,0.0,0.0,0
704,3,0,16,112215,561,1,1,561,8,111639,15,0.0,0.0,0
705,3,0,2362,114577,572,11,11,572,15,111654,2351,0.0,0.0,0
706,3,0,4,114581,572,0,0,572,2351,114005,4,0.0,0.0,0
707,3,0,309,114890,574,2,2,574,4,114009,307,0.0,0.0,0
708,3,0,4,114894,574,0,0,574,307,114316,4,0.0,0.0,0
709,3,0,2313,117207,586,12,12,586,4,114320,2301,0.0,0.0,0
710,3,0,1788,118995,594,8,8,594,2301,116621,1780,0.0,0.0,0
711,3,0,8,119003,595,1,1,595,1780,118401,7,0.0,0.0,0
712,3,0,23,119026,595,0,0,595,7,118408,23,0.0,0.0,0
713,3,0,8,119034,595,0,0,595,23,118431,8,0.0,0.0,0
714,3,0,681,119715,598,3,3,598,8,118439,678,0.0,0.0,0
715,3,0,1879,121594,607,9,9,607,678,119117,1870,0.0,0.0,0
716,3,0,140,121734,608,1,1,608,1870,120987,139,0.0,0.0,0
717,3,0,632,122366,611,3,3,611,139,121126,629,0.0,0.0,0
718,3,0,918,123284,616,5,5,616,629,121755,913,0.0,0.0,0
719,3,0,14,123298,616,0,0,616,913,122668,14,0.0,0.0,0
720,3,0,10,123308,616,0,0,616,14,122682,10,0.0,0.0,0
721,3,0,4,123312,616,0,0,616,10,122692,4,0.0,0.0,0
722,3,0,10,123322,616,0,0,616,4,122696,10,0.0,0.0,0
723,3,0,14,123336,616,0,0,616,10,122706,14,0.0,0.0,0
724,3,0,14,123350,616,0,0,616,14,122720,14,0.0,0.0,0
725,3,0,4,123354,616,0,0,616,14,122734,4,0.0,0.0,0
726,3,0,22,123376,616,0,0,616,4,122738,22,0.0,0.0,0
727,3,0,12,123388,616,0,0,616,22,122760,12,0.0,0.0,0
728,3,0,10,123398,616,0,0,616,12,122772,10,0.0,0.0,0
729,3,0,4,123402,617,1,1,617,10,122782,3,0.0,0.0,0
730,3,0,28,123430,617,0,0,617,3,122785,28,0.0,0.0,0
731,3,0,16,123446,617,0,0,617,28,122813,16,0.0,0.0,0
732,3,0,10,123456,617,0,0,617,16,122829,10,0.0,0.0,0
733,3,0,10,123466,617,0,0,617,10,122839,10,0.0,0.0,0
734,3,0,8,123474,617,0,0,617,10,122849,8,0.0,0.0,0
735,3,0,12,123486,617,0,0,617,8,122857,12,0.0,0.0,0
736,3,0,14,123500,617,0,0,617,12,122869,14,0.0,0.0,0
737,3,0,10,123510,617,0,0,617,14,122883,10,0.0,0.0,0
738,3,0,10,123520,617,0,0,617,10,122893,10,0.0,0.0,0
739,3,0,10,123530,617,0,0,617,10,122903,10,0.0,0.0,0
740,3,0,6,123536,617,0,0,617,10,122913,6,0.0,0.0,0
741,3,0,22,123558,617,0,0,617,6,122919,22,0.0,0.0,0
742,3,0,14,123572,617,0,0,617,22,122941,14,0.0,0.0,0
743,3,0,8,123580,617,0,0,617,14,122955,8,0.0,0.0,0
595,1,5,5434,5434,27,27,27,27,0,0,5407,0.0,0.0,0
596,1,5,9319,14753,73,46,46,73,0,0,14680,0.3683242506811989,1.0,1
597,1,5,2486,17239,86,13,13,86,0,0,17153,1.170932198449251,2.0,2
598,1,5,934,18173,90,4,4,90,0,0,18083,2.059171597633136,3.0,3
599,1,5,1816,19989,99,9,9,99,0,0,19890,2.7810960281548516,4.0,4
600,1,5,18,20007,100,1,1,100,0,0,19907,3.777867081930979,5.0,5
601,1,5,865,20872,104,4,4,104,5407,5407,15361,4.079617212421066,5.0,5
602,1,5,8,20880,104,0,0,104,9269,14676,6100,3.674426229508197,5.0,5
603,1,5,12,20892,104,0,0,104,2475,17151,3637,3.756942535056365,5.0,5
604,1,5,8,20900,104,0,0,104,931,18082,2714,4.3165070007369195,5.0,5
605,1,5,16,20916,104,0,0,104,1808,19890,922,3.8839479392624727,4.0,5
606,1,5,14,20930,104,0,0,104,13,19903,923,4.794149512459372,5.0,5
607,1,5,8,20938,104,0,0,104,865,20768,66,2.393939393939394,5.0,5
608,1,5,1082,22020,110,6,6,110,8,20776,1134,0.1437389770723104,0.0,5
609,1,5,8,22028,110,0,0,110,11,20787,1131,1.0884173297966402,1.0,5
610,1,5,1199,23227,116,6,6,116,7,20794,2317,0.991799741044454,2.0,5
611,1,5,14,23241,116,0,0,116,14,20808,2317,1.9555459646094087,3.0,5
612,1,5,2677,25918,129,13,13,129,10,20818,4971,1.364111848722591,4.0,5
613,1,5,45,25963,129,0,0,129,8,20826,5008,2.3370607028753994,5.0,5
614,1,5,1278,27241,136,7,7,136,1077,21903,5202,1.9700115340253748,4.0,5
615,1,5,8,27249,136,0,0,136,8,21911,5202,2.9607843137254903,5.0,5
616,1,5,6,27255,136,0,0,136,1198,23109,4010,3.345635910224439,4.0,5
617,1,5,2680,29935,149,13,13,149,13,23122,6664,2.6023409363745498,5.0,5
618,1,5,8,29943,149,0,0,149,2667,25789,4005,1.9985018726591761,4.0,5
619,1,5,2800,32743,163,14,14,163,43,25832,6748,1.7378482513337286,5.0,5
620,1,5,8,32751,163,0,0,163,1271,27103,5485,1.9779398359161349,3.0,5
621,1,5,1121,33872,169,6,6,169,6,27109,6594,2.4716408856536245,4.0,5
622,1,5,4,33876,169,0,0,169,3,27112,6595,3.4683851402577712,5.0,5
623,1,5,6,33882,169,0,0,169,2666,29778,3935,3.4238881829733163,4.0,5
624,1,5,10,33892,169,0,0,169,7,29785,3938,4.409852717115287,5.0,5
625,1,5,24,33916,169,0,0,169,2795,32580,1167,3.8851756640959727,4.0,5
626,1,5,6,33922,169,0,0,169,8,32588,1165,4.852360515021459,5.0,5
627,1,5,4,33926,169,0,0,169,1115,33703,54,2.3703703703703702,4.0,5
628,1,5,6,33932,169,0,0,169,4,33707,56,2.8214285714285716,4.5,5
629,1,5,20,33952,169,0,0,169,6,33713,70,2.5428571428571427,5.0,5
630,1,5,150,34102,170,1,1,170,10,33723,209,0.8755980861244019,5.0,5
631,1,5,12,34114,170,0,0,170,23,33746,198,1.2828282828282829,2.0,5
632,1,5,8,34122,170,0,0,170,6,33752,200,2.08,3.0,5
633,1,5,8,34130,170,0,0,170,4,33756,204,2.9019607843137254,4.0,5
634,1,5,10,34140,170,0,0,170,6,33762,208,3.6538461538461537,4.0,5
635,1,5,16,34156,170,0,0,170,20,33782,204,4.1568627450980395,5.0,5
636,1,5,12,34168,170,0,0,170,150,33932,66,2.303030303030303,5.0,5
637,1,5,3390,37558,187,17,17,187,12,33944,3427,0.03705865188211264,0.0,5
638,1,5,14,37572,187,0,0,187,8,33952,3433,1.0212642004078065,1.0,5
639,1,5,14,37586,187,0,0,187,6,33958,3441,2.006102877070619,2.0,5
640,1,5,1398,38984,194,7,7,194,8,33966,4824,2.1322553897180763,3.0,5
641,1,5,10,38994,194,0,0,194,14,33980,4820,3.117427385892116,4.0,5
642,1,5,1141,40135,200,6,6,200,11,33991,5944,3.32671601615074,5.0,5
643,1,5,14,40149,200,0,0,200,3380,37371,2578,2.1093871217998448,3.0,5
644,1,5,2267,42416,212,12,12,212,9,37380,4824,1.6496683250414594,4.0,5
645,2,5,10,42426,212,0,0,212,14,37394,4820,2.6344398340248962,5.0,5
646,2,5,20,42446,212,0,0,212,1395,38789,3445,2.65544267053701,4.0,5
647,2,5,10,42456,212,0,0,212,6,38795,3449,3.640765439257756,5.0,5
648,2,5,14,42470,212,0,0,212,1140,39935,2323,3.9457597933706414,4.0,5
649,2,5,263,42733,213,1,1,213,10,39945,2575,4.436893203883495,5.0,5
650,2,5,16,42749,213,0,0,213,2259,42204,332,1.3433734939759037,3.0,5
651,2,5,10,42759,213,0,0,213,9,42213,333,2.174174174174174,3.0,5
652,2,5,14,42773,213,0,0,213,20,42233,327,2.8654434250764527,3.0,5
653,2,5,8,42781,213,0,0,213,10,42243,325,3.7046153846153844,4.0,5
654,2,5,8,42789,213,0,0,213,14,42257,319,4.529780564263323,5.0,5
655,2,5,4,42793,213,0,0,213,263,42520,60,3.1,5.0,5
656,2,5,1965,44758,223,10,10,223,16,42536,1999,0.06253126563281641,0.0,5
657,2,5,10,44768,223,0,0,223,7,42543,2002,1.03996003996004,1.0,5
658,2,5,14,44782,223,0,0,223,12,42555,2004,2.0019960079840318,2.0,5
659,2,5,2500,47282,236,13,13,236,8,42563,4483,1.3294668748605845,3.0,5
660,2,5,12,47294,236,0,0,236,7,42570,4488,2.317513368983957,4.0,5
661,2,5,4877,52171,260,24,24,260,4,42574,9337,1.5878761914961979,5.0,5
662,2,5,2,52173,260,0,0,260,1961,44535,7378,1.6802656546489563,3.0,5
663,2,5,10,52183,260,0,0,260,7,44542,7381,2.6734859775098223,4.0,5
664,2,5,1125,53308,266,6,6,266,11,44553,8489,3.1848274237248204,5.0,5
665,2,5,10,53318,266,0,0,266,2472,47025,6027,3.4333831093412974,4.0,5
666,2,5,6,53324,266,0,0,266,12,47037,6021,4.4258428832419865,5.0,5
667,2,5,1400,54724,273,7,7,273,4872,51909,2542,1.3469708890637293,3.0,5
668,2,5,8,54732,273,0,0,273,1,51910,2549,2.338171832091016,4.0,5
669,2,5,322,55054,275,2,2,275,10,51920,2859,2.9548793284365162,5.0,5
670,2,5,1906,56960,284,9,9,284,1119,53039,3637,1.2612042892493813,3.0,5
671,2,5,18,56978,284,0,0,284,8,53047,3647,2.2418426103646834,4.0,5
672,2,5,153,57131,285,1,1,285,6,53053,3793,3.1073029264434484,5.0,5
673,2,5,445,57576,287,2,2,287,1398,54451,2838,2.532417195207893,4.0,5
674,2,5,14,57590,287,0,0,287,4,54455,2848,3.511587078651685,5.0,5
675,2,5,30,57620,288,1,1,288,321,54776,2556,4.273474178403756,5.0,5
676,2,5,8,57628,288,0,0,288,1900,56676,664,3.1310240963855422,4.0,5
677,2,5,8,57636,288,0,0,288,15,56691,657,4.038051750380517,5.0,5
678,2,5,6,57642,288,0,0,288,153,56844,510,4.690196078431373,5.0,5
679,2,5,72,57714,288,0,0,288,445,57289,137,1.6934306569343065,4.400000000000006,5
680,2,5,22,57736,288,0,0,288,14,57303,145,1.9655172413793103,5.0,5
681,2,5,4703,62439,312,24,24,312,29,57332,4795,0.04316996871741397,0.0,5
682,2,5,6,62445,312,0,0,312,6,57338,4795,1.0356621480709072,1.0,5
683,2,5,2192,64637,323,11,11,323,2,57340,6974,1.3967593920275307,2.0,5
684,2,5,4562,69199,345,22,22,345,5,57345,11509,1.44973499000782,3.0,5
685,2,5,14,69213,346,1,1,346,70,57415,11452,2.4252532308767027,4.0,5
686,2,5,4689,73902,369,23,23,369,14,57429,16104,2.428340784898162,5.0,5
687,2,5,8040,81942,409,40,40,409,4694,62123,19410,1.3873776403915508,4.0,5
688,2,5,7885,89827,449,40,40,449,6,62129,27249,1.6938603251495468,4.0,5
689,2,5,14,89841,449,0,0,449,2179,64308,25084,2.4051586668792857,5.0,5
690,2,5,4972,94813,474,25,25,474,4458,68766,25573,2.2919485394752277,4.0,5
691,2,5,4809,99622,498,24,24,498,7,68773,30351,2.7695298342723467,5.0,5
692,2,5,6898,106520,532,34,34,532,4673,73446,32542,2.6508204781513123,5.0,5
693,2,5,4,106524,532,0,0,532,7999,81445,24547,2.884710962643093,5.0,5
694,2,5,2664,109188,545,13,13,545,7878,89323,19320,2.4882505175983436,4.0,5
695,3,5,2827,112015,560,15,15,560,9,89332,22123,3.041856891018397,5.0,5
696,3,5,6,112021,560,0,0,560,4958,94290,17171,3.475045134237959,5.0,5
697,3,5,12,112033,560,0,0,560,4795,99085,12388,3.8804488214401034,5.0,5
698,3,5,65,112098,560,0,0,560,6887,105972,5566,3.438196191160618,4.0,5
699,3,5,55,112153,560,0,0,560,3,105975,5618,4.393912424350303,5.0,5
700,3,5,6,112159,560,0,0,560,2658,108633,2966,4.839851652056642,5.0,5
701,3,5,18,112177,560,0,0,560,2822,111455,162,2.4012345679012346,4.0,5
702,3,5,14,112191,560,0,0,560,6,111461,170,3.0294117647058822,4.0,5
703,3,5,8,112199,560,0,0,560,12,111473,166,3.6927710843373496,5.0,5
704,3,5,16,112215,561,1,1,561,65,111538,116,3.336206896551724,5.0,5
705,3,5,2362,114577,572,11,11,572,55,111593,2412,0.060945273631840796,0.0,5
706,3,5,4,114581,572,0,0,572,6,111599,2410,1.0468879668049793,1.0,5
707,3,5,309,114890,574,2,2,574,16,111615,2701,1.7908182154757497,2.0,5
708,3,5,4,114894,574,0,0,574,9,111624,2696,2.7759643916913945,3.0,5
709,3,5,2313,117207,586,12,12,586,7,111631,4990,2.0248496993987977,4.0,5
710,3,5,1788,118995,594,8,8,594,11,111642,6759,2.223405829264684,5.0,5
711,3,5,8,119003,595,1,1,595,2357,113999,4409,1.7339532773871627,2.0,5
712,3,5,23,119026,595,0,0,595,3,114002,4429,2.7175434635357867,3.0,5
713,3,5,8,119034,595,0,0,595,305,114307,4132,3.541868344627299,4.0,5
714,3,5,681,119715,598,3,3,598,2,114309,4808,3.8999584026622296,5.0,5
715,3,5,1879,121594,607,9,9,607,2312,116621,4366,2.2153000458085206,5.0,5
716,3,5,140,121734,608,1,1,608,1779,118400,2726,1.2340425531914894,2.0,5
717,3,5,632,122366,611,3,3,611,5,118405,3350,1.8086567164179104,3.0,5
718,3,5,918,123284,616,5,5,616,23,118428,4240,2.186556603773585,4.0,5
719,3,5,14,123298,616,0,0,616,5,118433,4249,3.1727465285949634,5.0,5
720,3,5,10,123308,616,0,0,616,678,119111,3581,3.815135437028763,5.0,5
721,3,5,4,123312,616,0,0,616,1876,120987,1709,3.503218256290228,4.0,5
722,3,5,10,123322,616,0,0,616,138,121125,1581,4.344086021505376,5.0,5
723,3,5,14,123336,616,0,0,616,630,121755,965,4.838341968911917,5.0,5
724,3,5,14,123350,616,0,0,616,913,122668,66,2.3636363636363638,5.0,5
725,3,5,4,123354,616,0,0,616,14,122682,56,2.4642857142857144,5.0,5
726,3,5,22,123376,616,0,0,616,10,122692,68,1.9705882352941178,4.0,5
727,3,5,12,123388,616,0,0,616,4,122696,76,2.3421052631578947,5.0,5
728,3,5,10,123398,616,0,0,616,10,122706,76,2.5526315789473686,5.0,5
729,3,5,4,123402,617,1,1,617,14,122720,65,2.830769230769231,5.0,5
730,3,5,28,123430,617,0,0,617,14,122734,79,2.088607594936709,4.0,5
731,3,5,16,123446,617,0,0,617,4,122738,91,2.4175824175824174,5.0,5
732,3,5,10,123456,617,0,0,617,22,122760,79,2.2658227848101267,5.0,5
733,3,5,10,123466,617,0,0,617,11,122771,78,2.4615384615384617,5.0,5
734,3,5,8,123474,617,0,0,617,10,122781,76,2.763157894736842,4.0,5
735,3,5,12,123486,617,0,0,617,4,122785,84,3.119047619047619,5.0,5
736,3,5,14,123500,617,0,0,617,28,122813,70,2.5428571428571427,5.0,5
737,3,5,10,123510,617,0,0,617,16,122829,64,2.375,5.0,5
738,3,5,10,123520,617,0,0,617,10,122839,64,2.4375,5.0,5
739,3,5,10,123530,617,0,0,617,10,122849,64,2.5,5.0,5
740,3,5,6,123536,617,0,0,617,8,122857,62,2.838709677419355,5.0,5
741,3,5,22,123558,617,0,0,617,12,122869,72,2.3055555555555554,5.0,5
742,3,5,14,123572,617,0,0,617,14,122883,72,2.138888888888889,5.0,5
743,3,5,8,123580,617,0,0,617,10,122893,70,2.3714285714285714,5.0,5
595,1,10,5434,5434,27,27,27,27,0,0,5407,0.0,0.0,0
596,1,10,9319,14753,73,46,46,73,0,0,14680,0.3683242506811989,1.0,1
597,1,10,2486,17239,86,13,13,86,0,0,17153,1.170932198449251,2.0,2
598,1,10,934,18173,90,4,4,90,0,0,18083,2.059171597633136,3.0,3
599,1,10,1816,19989,99,9,9,99,0,0,19890,2.7810960281548516,4.0,4
600,1,10,18,20007,100,1,1,100,0,0,19907,3.777867081930979,5.0,5
601,1,10,865,20872,104,4,4,104,0,0,20768,4.579593605546996,6.0,6
602,1,10,8,20880,104,0,0,104,0,0,20776,5.577445128994994,7.0,7
603,1,10,12,20892,104,0,0,104,0,0,20788,6.573648258610737,8.0,8
604,1,10,8,20900,104,0,0,104,0,0,20796,7.5707347566839776,9.0,9
605,1,10,16,20916,104,0,0,104,0,0,20812,8.564145685181625,10.0,10
606,1,10,14,20930,104,0,0,104,5407,5407,15419,9.051948894221415,10.0,10
607,1,10,8,20938,104,0,0,104,9269,14676,6158,8.611886976291004,10.0,10
608,1,10,1082,22020,110,6,6,110,2475,17151,4759,6.714015549485186,10.0,10
609,1,10,8,22028,110,0,0,110,931,18082,3836,6.9004171011470286,10.0,10
610,1,10,1199,23227,116,6,6,116,1808,19890,3221,3.2232226016764978,9.0,10
611,1,10,14,23241,116,0,0,116,13,19903,3222,4.177529484792054,10.0,10
612,1,10,2677,25918,129,13,13,129,865,20768,5021,1.4220274845648277,4.0,10
613,1,10,45,25963,129,0,0,129,7,20775,5059,2.3886143506621864,5.0,10
614,1,10,1278,27241,136,7,7,136,9,20784,6321,2.6960923904445497,6.0,10
615,1,10,8,27249,136,0,0,136,6,20790,6323,3.684485212715483,7.0,10
616,1,10,6,27255,136,0,0,136,14,20804,6315,4.66603325415677,8.0,10
617,1,10,2680,29935,149,13,13,149,10,20814,8972,3.975144895229603,9.0,10
618,1,10,8,29943,149,0,0,149,8,20822,8972,4.965336602764155,10.0,10
619,1,10,2800,32743,163,14,14,163,1077,21899,10681,3.8971070124520177,9.0,10
620,1,10,8,32751,163,0,0,163,8,21907,10681,4.888868083512779,10.0,10
621,1,10,1121,33872,169,6,6,169,1198,23105,10598,4.691545574636724,9.0,10
622,1,10,4,33876,169,0,0,169,13,23118,10589,5.682878458777977,10.0,10
623,1,10,6,33882,169,0,0,169,2667,25785,7928,5.225529767911201,9.0,10
624,1,10,10,33892,169,0,0,169,42,25827,7896,6.192249240121581,10.0,10
625,1,10,24,33916,169,0,0,169,1272,27099,6648,6.437725631768953,8.0,10
626,1,10,6,33922,169,0,0,169,6,27105,6648,7.427797833935018,9.0,10
627,1,10,4,33926,169,0,0,169,3,27108,6649,8.421567152955332,10.0,10
628,1,10,6,33932,169,0,0,169,2669,29777,3986,8.350476668339187,9.0,10
629,1,10,20,33952,169,0,0,169,7,29784,3999,9.300825206301575,10.0,10
630,1,10,150,34102,170,1,1,170,2796,32580,1352,7.715976331360947,9.0,10
631,1,10,12,34114,170,0,0,170,8,32588,1356,8.625368731563421,10.0,10
632,1,10,8,34122,170,0,0,170,1115,33703,249,3.1606425702811247,7.0,10
633,1,10,8,34130,170,0,0,170,4,33707,253,3.9209486166007905,8.0,10
634,1,10,10,34140,170,0,0,170,6,33713,257,4.587548638132295,9.0,10
635,1,10,16,34156,170,0,0,170,10,33723,263,5.0418250950570345,9.0,10
636,1,10,12,34168,170,0,0,170,23,33746,252,5.301587301587301,7.0,10
637,1,10,3390,37558,187,17,17,187,6,33752,3619,0.3984526112185687,0.0,10
638,1,10,14,37572,187,0,0,187,3,33755,3630,1.3851239669421487,1.0,10
639,1,10,14,37586,187,0,0,187,6,33761,3638,2.3617372182517866,2.0,10
640,1,10,1398,38984,194,7,7,194,17,33778,5012,2.4008379888268156,3.0,10
641,1,10,10,38994,194,0,0,194,149,33927,4873,3.1615021547301456,4.0,10
642,1,10,1141,40135,200,6,6,200,8,33935,6000,3.361666666666667,5.0,10
643,1,10,14,40149,200,0,0,200,8,33943,6006,4.3426573426573425,6.0,10
644,1,10,2267,42416,212,12,12,212,6,33949,8255,3.8764385221078133,7.0,10
645,2,10,10,42426,212,0,0,212,8,33957,8257,4.8645997335594044,8.0,10
646,2,10,20,42446,212,0,0,212,14,33971,8263,5.841703981604744,9.0,10
647,2,10,10,42456,212,0,0,212,11,33982,8262,6.827886710239651,10.0,10
648,2,10,14,42470,212,0,0,212,3384,37366,4892,5.611201962387572,8.0,10
649,2,10,263,42733,213,1,1,213,9,37375,5145,6.266083576287658,9.0,10
650,2,10,16,42749,213,0,0,213,14,37389,5147,7.233339809597824,10.0,10
651,2,10,10,42759,213,0,0,213,1395,38784,3762,7.185539606592238,9.0,10
652,2,10,14,42773,213,0,0,213,8,38792,3768,8.149150743099788,10.0,10
653,2,10,8,42781,213,0,0,213,1140,39932,2636,8.320940819423368,9.0,10
654,2,10,8,42789,213,0,0,213,10,39942,2634,9.286256643887624,10.0,10
655,2,10,4,42793,213,0,0,213,2262,42204,376,5.882978723404255,8.0,10
656,2,10,1965,44758,223,10,10,223,9,42213,2322,1.0391903531438416,7.0,10
657,2,10,10,44768,223,0,0,223,14,42227,2318,1.9762726488352027,8.0,10
658,2,10,14,44782,223,0,0,223,10,42237,2322,2.9237726098191215,9.0,10
659,2,10,2500,47282,236,13,13,236,14,42251,4795,1.8604796663190823,3.0,10
660,2,10,12,47294,236,0,0,236,263,42514,4544,2.3818221830985915,4.0,10
661,2,10,4877,52171,260,24,24,260,14,42528,9383,1.6157945220078866,5.0,10
662,2,10,2,52173,260,0,0,260,7,42535,9378,2.608978460226061,6.0,10
663,2,10,10,52183,260,0,0,260,12,42547,9376,3.595669795221843,7.0,10
664,2,10,1125,53308,266,6,6,266,8,42555,10487,4.0994564699151335,8.0,10
665,2,10,10,53318,266,0,0,266,7,42562,10490,5.090657769304099,9.0,10
666,2,10,6,53324,266,0,0,266,4,42566,10492,6.085303088067099,10.0,10
667,2,10,1400,54724,273,7,7,273,1963,44529,9922,5.312638580931264,8.0,10
668,2,10,8,54732,273,0,0,273,7,44536,9923,6.304242668547818,9.0,10
669,2,10,322,55054,275,2,2,275,11,44547,10232,7.071735731039875,10.0,10
670,2,10,1906,56960,284,9,9,284,2474,47021,9655,5.734852408078716,9.0,10
671,2,10,18,56978,284,0,0,284,12,47033,9661,6.717006521064072,10.0,10
672,2,10,153,57131,285,1,1,285,4872,51905,4941,4.242258652094717,8.0,10
673,2,10,445,57576,287,2,2,287,1,51906,5383,4.809028422812558,9.0,10
674,2,10,14,57590,287,0,0,287,10,51916,5387,5.784295526266939,10.0,10
675,2,10,30,57620,288,1,1,288,1122,53038,4294,5.636935258500233,8.0,10
676,2,10,8,57628,288,0,0,288,9,53047,4293,6.615420451898439,9.0,10
677,2,10,8,57636,288,0,0,288,6,53053,4295,7.596507566938301,10.0,10
678,2,10,6,57642,288,0,0,288,1398,54451,2903,7.421288322425077,9.0,10
679,2,10,72,57714,288,0,0,288,4,54455,2971,8.213732749915854,10.0,10
680,2,10,22,57736,288,0,0,288,321,54776,2672,8.923278443113773,10.0,10
681,2,10,4703,62439,312,24,24,312,1900,56676,5451,1.0143093010456796,8.0,10
682,2,10,6,62445,312,0,0,312,14,56690,5443,1.988976667279074,9.0,10
683,2,10,2192,64637,323,11,11,323,152,56842,7472,1.94767130620985,2.0,10
684,2,10,4562,69199,345,22,22,345,445,57287,11567,1.4809371487853376,3.0,10
685,2,10,14,69213,346,1,1,346,10,57297,11570,2.4707865168539325,4.0,10
686,2,10,4689,73902,369,23,23,369,26,57323,16210,2.456755089450956,5.0,10
687,2,10,8040,81942,409,40,40,409,6,57329,24204,2.3072219467856554,6.0,10
688,2,10,7885,89827,449,40,40,449,2,57331,32047,2.4917777015009204,7.0,10
689,2,10,14,89841,449,0,0,449,5,57336,32056,3.489081607187422,8.0,10
690,2,10,4972,94813,474,25,25,474,70,57406,36933,3.8726071534941653,9.0,10
691,2,10,4809,99622,498,24,24,498,14,57420,41704,4.308531555726069,10.0,10
692,2,10,6898,106520,532,34,34,532,4686,62106,43882,3.8664600519575223,8.0,10
693,2,10,4,106524,532,0,0,532,6,62112,43880,4.86517775752051,9.0,10
694,2,10,2664,109188,545,13,13,545,2179,64291,44352,5.261318542568542,9.900000000001455,10
695,3,10,2827,112015,560,15,15,560,4436,68727,42728,5.355481183299007,9.0,10
696,3,10,6,112021,560,0,0,560,7,68734,42727,6.353827790390151,10.0,10
697,3,10,12,112033,560,0,0,560,4672,73406,38067,6.90401134841201,10.0,10
698,3,10,65,112098,560,0,0,560,8014,81420,30118,7.063151603692145,10.0,10
699,3,10,55,112153,560,0,0,560,7881,89301,22292,7.004979364794545,9.0,10
700,3,10,6,112159,560,0,0,560,9,89310,22289,8.001615146484813,10.0,10
701,3,10,18,112177,560,0,0,560,4964,94274,17343,8.420284841146284,10.0,10
702,3,10,14,112191,560,0,0,560,4806,99080,12551,8.804876105489603,10.0,10
703,3,10,8,112199,560,0,0,560,6890,105970,5669,8.338507673310989,9.0,10
704,3,10,16,112215,561,1,1,561,3,105973,5681,9.31262101742651,10.0,10
705,3,10,2362,114577,572,11,11,572,2658,108631,5374,5.451060662448827,10.0,10
706,3,10,4,114581,572,0,0,572,2824,111455,2554,1.4111198120595145,1.0,10
707,3,10,309,114890,574,2,2,574,6,111461,2855,2.133800350262697,2.0,10
708,3,10,4,114894,574,0,0,574,12,111473,2847,3.0962416578854937,3.0,10
709,3,10,2313,117207,586,12,12,586,60,111533,5088,2.149567610062893,4.0,10
710,3,10,1788,118995,594,8,8,594,54,111587,6814,2.2646022894041677,5.0,10
711,3,10,8,119003,595,1,1,595,6,111593,6815,3.2544387380777695,6.0,10
712,3,10,23,119026,595,0,0,595,15,111608,6823,4.225267477649128,7.0,10
713,3,10,8,119034,595,0,0,595,8,111616,6823,5.212369925252822,8.0,10
714,3,10,681,119715,598,3,3,598,6,111622,7495,5.64603068712475,9.0,10
715,3,10,1879,121594,607,9,9,607,11,111633,9354,5.309813983322643,10.0,10
716,3,10,140,121734,608,1,1,608,2361,113994,7132,4.63418395961862,7.0,10
717,3,10,632,122366,611,3,3,611,4,113998,7757,5.174423101714581,8.0,10
718,3,10,918,123284,616,5,5,616,307,114305,8363,5.32320937462633,9.0,10
719,3,10,14,123298,616,0,0,616,2,114307,8375,6.311522388059702,10.0,10
720,3,10,10,123308,616,0,0,616,2313,116620,6072,5.894433465085639,10.0,10
721,3,10,4,123312,616,0,0,616,1779,118399,4297,5.188270886665115,7.0,10
722,3,10,10,123322,616,0,0,616,5,118404,4302,6.168293816829381,8.0,10
723,3,10,14,123336,616,0,0,616,23,118427,4293,7.124388539482879,9.0,10
724,3,10,14,123350,616,0,0,616,6,118433,4301,8.093931643803767,10.0,10
725,3,10,4,123354,616,0,0,616,678,119111,3627,8.727598566308243,10.0,10
726,3,10,22,123376,616,0,0,616,1876,120987,1773,8.260575296108291,9.0,10
727,3,10,12,123388,616,0,0,616,138,121125,1647,9.047358834244081,10.0,10
728,3,10,10,123398,616,0,0,616,630,121755,1027,9.365141187925998,10.0,10
729,3,10,4,123402,617,1,1,617,913,122668,117,5.128205128205129,10.0,10
730,3,10,28,123430,617,0,0,617,14,122682,131,4.297709923664122,9.0,10
731,3,10,16,123446,617,0,0,617,10,122692,137,4.262773722627737,8.400000000000006,10
732,3,10,10,123456,617,0,0,617,4,122696,143,4.734265734265734,9.0,10
733,3,10,10,123466,617,0,0,617,10,122706,143,4.965034965034965,9.0,10
734,3,10,8,123474,617,0,0,617,14,122720,137,5.102189781021898,9.400000000000006,10
735,3,10,12,123486,617,0,0,617,14,122734,135,5.051851851851852,9.0,10
736,3,10,14,123500,617,0,0,617,4,122738,145,5.3310344827586205,10.0,10
737,3,10,10,123510,617,0,0,617,22,122760,133,5.082706766917293,9.0,10
738,3,10,10,123520,617,0,0,617,11,122771,132,5.212121212121212,8.900000000000006,10
739,3,10,10,123530,617,0,0,617,10,122781,132,5.378787878787879,9.0,10
740,3,10,6,123536,617,0,0,617,4,122785,134,5.955223880597015,10.0,10
741,3,10,22,123558,617,0,0,617,28,122813,128,4.875,10.0,10
742,3,10,14,123572,617,0,0,617,16,122829,126,4.571428571428571,9.0,10
743,3,10,8,123580,617,0,0,617,10,122839,124,4.774193548387097,9.0,10
595,1,20,5434,5434,27,27,27,27,0,0,5407,0.0,0.0,0
596,1,20,9319,14753,73,46,46,73,0,0,14680,0.3683242506811989,1.0,1
597,1,20,2486,17239,86,13,13,86,0,0,17153,1.170932198449251,2.0,2
598,1,20,934,18173,90,4,4,90,0,0,18083,2.059171597633136,3.0,3
599,1,20,1816,19989,99,9,9,99,0,0,19890,2.7810960281548516,4.0,4
600,1,20,18,20007,100,1,1,100,0,0,19907,3.777867081930979,5.0,5
601,1,20,865,20872,104,4,4,104,0,0,20768,4.579593605546996,6.0,6
602,1,20,8,20880,104,0,0,104,0,0,20776,5.577445128994994,7.0,7
603,1,20,12,20892,104,0,0,104,0,0,20788,6.573648258610737,8.0,8
604,1,20,8,20900,104,0,0,104,0,0,20796,7.5707347566839776,9.0,9
605,1,20,16,20916,104,0,0,104,0,0,20812,8.564145685181625,10.0,10
606,1,20,14,20930,104,0,0,104,0,0,20826,9.557716316143283,11.0,11
607,1,20,8,20938,104,0,0,104,0,0,20834,10.55366228280695,12.0,12
608,1,20,1082,22020,110,6,6,110,0,0,21910,10.985668644454586,13.0,13
609,1,20,8,22028,110,0,0,110,0,0,21918,11.981293913678256,14.0,14
610,1,20,1199,23227,116,6,6,116,0,0,23111,12.30963610401973,15.0,15
611,1,20,14,23241,116,0,0,116,0,0,23125,13.301578378378379,16.0,16
612,1,20,2677,25918,129,13,13,129,0,0,25789,12.822792663538719,17.0,17
613,1,20,45,25963,129,0,0,129,0,0,25834,13.798714871874274,18.0,18
614,1,20,1278,27241,136,7,7,136,0,0,27105,14.10470392916436,19.0,19
615,1,20,8,27249,136,0,0,136,0,0,27113,15.100247113930587,20.0,20
616,1,20,6,27255,136,0,0,136,5407,5407,21712,14.875598747236552,20.0,20
617,1,20,2680,29935,149,13,13,149,9269,14676,15110,9.929583057577764,20.0,20
618,1,20,8,29943,149,0,0,149,2475,17151,12643,8.951277386696196,19.0,20
619,1,20,2800,32743,163,14,14,163,931,18082,14498,7.324113670851152,20.0,20
620,1,20,8,32751,163,0,0,163,1808,19890,12698,6.514017955583556,12.0,20
621,1,20,1121,33872,169,6,6,169,13,19903,13800,6.894202898550724,13.0,20
622,1,20,4,33876,169,0,0,169,864,20767,12940,7.0166924265842345,12.0,20
623,1,20,6,33882,169,0,0,169,7,20774,12939,8.005951000850143,13.0,20
624,1,20,10,33892,169,0,0,169,7,20781,12942,8.992505022407665,14.0,20
625,1,20,24,33916,169,0,0,169,6,20787,12960,9.968904320987654,15.0,20
626,1,20,6,33922,169,0,0,169,14,20801,12952,10.952980234712786,16.0,20
627,1,20,4,33926,169,0,0,169,9,20810,12947,11.942998378002626,17.0,20
628,1,20,6,33932,169,0,0,169,8,20818,12945,12.932020084974894,18.0,20
629,1,20,20,33952,169,0,0,169,1077,21895,11888,13.268253701211306,19.0,20
630,1,20,150,34102,170,1,1,170,8,21903,12029,14.086623992019287,19.0,20
631,1,20,12,34114,170,0,0,170,1198,23101,10843,14.416582126717698,19.0,20
632,1,20,8,34122,170,0,0,170,13,23114,10838,15.398505259272929,20.0,20
633,1,20,8,34130,170,0,0,170,2670,25784,8176,14.879770058708415,19.0,20
634,1,20,10,34140,170,0,0,170,42,25826,8144,15.833865422396856,20.0,20
635,1,20,16,34156,170,0,0,170,1272,27098,6888,16.025406504065042,18.0,20
636,1,20,12,34168,170,0,0,170,6,27104,6894,16.992312155497533,19.0,20
637,1,20,3390,37558,187,17,17,187,4,27108,10263,12.063821494689662,20.0,20
638,1,20,14,37572,187,0,0,187,2669,29777,7608,10.255651945320714,19.0,20
639,1,20,14,37586,187,0,0,187,7,29784,7615,11.226001313197637,20.0,20
640,1,20,1398,38984,194,7,7,194,2796,32580,6210,5.530434782608696,19.0,20
641,1,20,10,38994,194,0,0,194,8,32588,6212,6.501287830006439,20.0,20
642,1,20,1141,40135,200,6,6,200,1115,33703,6232,3.714537869062901,5.0,20
643,1,20,14,40149,200,0,0,200,4,33707,6242,4.693527715475809,6.0,20
644,1,20,2267,42416,212,12,12,212,6,33713,8491,4.163349428806972,7.0,20
645,2,20,10,42426,212,0,0,212,7,33720,8494,5.14421944902284,8.0,20
646,2,20,20,42446,212,0,0,212,16,33736,8498,6.1017886561543895,9.0,20
647,2,20,10,42456,212,0,0,212,6,33742,8502,7.083627381792519,10.0,20
648,2,20,14,42470,212,0,0,212,3,33745,8513,8.065781745565605,11.0,20
649,2,20,263,42733,213,1,1,213,6,33751,8769,8.78629262173566,12.0,20
650,2,20,16,42749,213,0,0,213,17,33768,8768,9.746692518248175,13.0,20
651,2,20,10,42759,213,0,0,213,149,33917,8629,10.557190868003245,14.0,20
652,2,20,14,42773,213,0,0,213,8,33925,8635,11.529704690214244,15.0,20
653,2,20,8,42781,213,0,0,213,8,33933,8635,12.510248986682107,16.0,20
654,2,20,8,42789,213,0,0,213,7,33940,8636,13.491662806855025,17.0,20
655,2,20,4,42793,213,0,0,213,8,33948,8632,14.478915662650602,18.0,20
656,2,20,1965,44758,223,10,10,223,14,33962,10573,12.602288848954885,19.0,20
657,2,20,10,44768,223,0,0,223,11,33973,10572,13.58172531214529,20.0,20
658,2,20,14,44782,223,0,0,223,3388,37361,7198,11.532370102806334,18.0,20
659,2,20,2500,47282,236,13,13,236,9,37370,9676,9.297126911947085,19.0,20
660,2,20,12,47294,236,0,0,236,14,37384,9674,10.2688649989663,20.0,20
661,2,20,4877,52171,260,24,24,260,1396,38780,13131,6.057573680603153,17.0,20
662,2,20,2,52173,260,0,0,260,8,38788,13125,7.048,18.0,20
663,2,20,10,52183,260,0,0,260,1140,39928,11995,6.810337640683618,19.0,20
664,2,20,1125,53308,266,6,6,266,12,39940,13102,7.129827507250801,20.0,20
665,2,20,10,53318,266,0,0,266,2264,42204,10848,5.436301622418879,9.0,20
666,2,20,6,53324,266,0,0,266,7,42211,10847,6.423342859776897,10.0,20
667,2,20,1400,54724,273,7,7,273,8,42219,12232,6.565156965336821,11.0,20
668,2,20,8,54732,273,0,0,273,8,42227,12232,7.5514224983649445,12.0,20
669,2,20,322,55054,275,2,2,275,13,42240,12539,8.32020097296435,13.0,20
670,2,20,1906,56960,284,9,9,284,263,42503,14173,7.8547943272419385,14.0,20
671,2,20,18,56978,284,0,0,284,14,42517,14177,8.831558157579178,15.0,20
672,2,20,153,57131,285,1,1,285,7,42524,14322,9.721686915235303,16.0,20
673,2,20,445,57576,287,2,2,287,12,42536,14753,10.391106893513184,17.0,20
674,2,20,14,57590,287,0,0,287,8,42544,14759,11.375093163493462,18.0,20
675,2,20,30,57620,288,1,1,288,7,42551,14781,12.346728908734185,19.0,20
676,2,20,8,57628,288,0,0,288,4,42555,14785,13.337436591139669,20.0,20
677,2,20,8,57636,288,0,0,288,1963,44518,12830,13.309119251753703,18.0,20
678,2,20,6,57642,288,0,0,288,7,44525,12829,14.298776210148882,19.0,20
679,2,20,72,57714,288,0,0,288,11,44536,12890,15.20845616757176,20.0,20
680,2,20,22,57736,288,0,0,288,2482,47018,10430,15.034036433365292,19.0,20
681,2,20,4703,62439,312,24,24,312,12,47030,15097,11.05497781016096,20.0,20
682,2,20,6,62445,312,0,0,312,4873,51903,10230,7.7869990224828936,18.0,20
683,2,20,2192,64637,323,11,11,323,1,51904,12410,7.236905721192587,16.0,20
684,2,20,4562,69199,345,22,22,345,10,51914,16940,6.021841794569068,17.0,20
685,2,20,14,69213,346,1,1,346,1122,53036,15831,6.0253932158423344,16.0,20
686,2,20,4689,73902,369,23,23,369,9,53045,20488,5.416634127294026,16.0,20
687,2,20,8040,81942,409,40,40,409,6,53051,28482,4.60403061582754,17.0,20
688,2,20,7885,89827,449,40,40,449,1398,54449,34929,3.7238111597812704,7.0,20
689,2,20,14,89841,449,0,0,449,3,54452,34940,4.7205208929593585,8.0,20
690,2,20,4972,94813,474,25,25,474,320,54772,39567,4.877726388151743,9.0,20
691,2,20,4809,99622,498,24,24,498,1900,56672,42452,4.533944219353623,10.0,20
692,2,20,6898,106520,532,34,34,532,11,56683,49305,4.755907108812494,11.0,20
693,2,20,4,106524,532,0,0,532,150,56833,49159,5.708924103419516,12.0,20
694,2,20,2664,109188,545,13,13,545,442,57275,51368,6.238806260707055,11.0,20
695,3,20,2827,112015,560,15,15,560,7,57282,54173,6.859173388957599,12.0,20
696,3,20,6,112021,560,0,0,560,24,57306,54155,7.852478995475948,13.0,20
697,3,20,12,112033,560,0,0,560,4,57310,54163,8.849620589701457,14.0,20
698,3,20,65,112098,560,0,0,560,2,57312,54226,9.837402721941505,15.0,20
699,3,20,55,112153,560,0,0,560,5,57317,54276,10.825484560395019,16.0,20
700,3,20,6,112159,560,0,0,560,69,57386,54213,11.812498847139985,17.0,20
701,3,20,18,112177,560,0,0,560,13,57399,54218,12.806282046552806,18.0,20
702,3,20,14,112191,560,0,0,560,4684,62083,49548,13.122325825462179,18.0,20
703,3,20,8,112199,560,0,0,560,6,62089,49550,14.119212916246216,19.0,20
704,3,20,16,112215,561,1,1,561,2179,64268,47386,14.843962351749461,18.0,20
705,3,20,2362,114577,572,11,11,572,4439,68707,45298,14.515188308534594,19.0,20
706,3,20,4,114581,572,0,0,572,7,68714,45295,15.512970526548184,20.0,20
707,3,20,309,114890,574,2,2,574,4676,73390,40926,15.876435517763769,20.0,20
708,3,20,4,114894,574,0,0,574,8024,81414,32906,15.868868899288884,20.0,20
709,3,20,2313,117207,586,12,12,586,7882,89296,27325,14.253796889295517,19.0,20
710,3,20,1788,118995,594,8,8,594,10,89306,29095,14.318611445265509,20.0,20
711,3,20,8,119003,595,1,1,595,4966,94272,24136,14.145218760357972,20.0,20
712,3,20,23,119026,595,0,0,595,4807,99079,19352,13.672902025630426,20.0,20
713,3,20,8,119034,595,0,0,595,6891,105970,12469,11.166813697970968,19.0,20
714,3,20,681,119715,598,3,3,598,3,105973,13144,11.536898965307364,20.0,20
715,3,20,1879,121594,607,9,9,607,2658,108631,12356,8.813774684363873,20.0,20
716,3,20,140,121734,608,1,1,608,2824,111455,9671,6.406266156550512,11.0,20
717,3,20,632,122366,611,3,3,611,6,111461,10294,6.945696522245968,12.0,20
718,3,20,918,123284,616,5,5,616,10,111471,11197,7.2861480753773336,13.0,20
719,3,20,14,123298,616,0,0,616,57,111528,11154,8.210776403084095,14.0,20
720,3,20,10,123308,616,0,0,616,54,111582,11110,9.145184518451845,15.0,20
721,3,20,4,123312,616,0,0,616,6,111588,11108,10.13566798703637,16.0,20
722,3,20,10,123322,616,0,0,616,15,111603,11103,11.112311987751058,17.0,20
723,3,20,14,123336,616,0,0,616,8,111611,11109,12.090647222972365,18.0,20
724,3,20,14,123350,616,0,0,616,7,111618,11116,13.069179560993163,19.0,20
725,3,20,4,123354,616,0,0,616,11,111629,11109,14.057250877666757,20.0,20
726,3,20,22,123376,616,0,0,616,2362,113991,8769,13.418747861785837,17.0,20
727,3,20,12,123388,616,0,0,616,4,113995,8777,14.396035091716987,18.0,20
728,3,20,10,123398,616,0,0,616,307,114302,8480,15.175,19.0,20
729,3,20,4,123402,617,1,1,617,2,114304,8481,16.167904728216012,20.0,20
730,3,20,28,123430,617,0,0,617,2313,116617,6196,15.659780503550678,20.0,20
731,3,20,16,123446,617,0,0,617,1780,118397,4432,14.856498194945848,17.0,20
732,3,20,10,123456,617,0,0,617,6,118403,4436,15.813796212804329,18.0,20
733,3,20,10,123466,617,0,0,617,23,118426,4423,16.754013113271537,19.0,20
734,3,20,8,123474,617,0,0,617,6,118432,4425,17.717514124293785,20.0,20
735,3,20,12,123486,617,0,0,617,678,119110,3759,18.24607608406491,20.0,20
736,3,20,14,123500,617,0,0,617,1877,120987,1896,17.367616033755276,19.0,20
737,3,20,10,123510,617,0,0,617,138,121125,1768,18.058257918552037,20.0,20
738,3,20,10,123520,617,0,0,617,630,121755,1148,17.826655052264808,20.0,20
739,3,20,10,123530,617,0,0,617,913,122668,245,9.959183673469388,18.0,20
740,3,20,6,123536,617,0,0,617,14,122682,237,10.08860759493671,17.400000000000006,20
741,3,20,22,123558,617,0,0,617,10,122692,249,9.710843373493976,18.0,20
742,3,20,14,123572,617,0,0,617,4,122696,259,9.972972972972974,18.0,20
743,3,20,8,123580,617,0,0,617,10,122706,257,10.24124513618677,19.0,20
595,1,40,5434,5434,27,27,27,27,0,0,5407,0.0,0.0,0
596,1,40,9319,14753,73,46,46,73,0,0,14680,0.3683242506811989,1.0,1
597,1,40,2486,17239,86,13,13,86,0,0,17153,1.170932198449251,2.0,2
598,1,40,934,18173,90,4,4,90,0,0,18083,2.059171597633136,3.0,3
599,1,40,1816,19989,99,9,9,99,0,0,19890,2.7810960281548516,4.0,4
600,1,40,18,20007,100,1,1,100,0,0,19907,3.777867081930979,5.0,5
601,1,40,865,20872,104,4,4,104,0,0,20768,4.579593605546996,6.0,6
602,1,40,8,20880,104,0,0,104,0,0,20776,5.577445128994994,7.0,7
603,1,40,12,20892,104,0,0,104,0,0,20788,6.573648258610737,8.0,8
604,1,40,8,20900,104,0,0,104,0,0,20796,7.5707347566839776,9.0,9
605,1,40,16,20916,104,0,0,104,0,0,20812,8.564145685181625,10.0,10
606,1,40,14,20930,104,0,0,104,0,0,20826,9.557716316143283,11.0,11
607,1,40,8,20938,104,0,0,104,0,0,20834,10.55366228280695,12.0,12
608,1,40,1082,22020,110,6,6,110,0,0,21910,10.985668644454586,13.0,13
609,1,40,8,22028,110,0,0,110,0,0,21918,11.981293913678256,14.0,14
610,1,40,1199,23227,116,6,6,116,0,0,23111,12.30963610401973,15.0,15
611,1,40,14,23241,116,0,0,116,0,0,23125,13.301578378378379,16.0,16
612,1,40,2677,25918,129,13,13,129,0,0,25789,12.822792663538719,17.0,17
613,1,40,45,25963,129,0,0,129,0,0,25834,13.798714871874274,18.0,18
614,1,40,1278,27241,136,7,7,136,0,0,27105,14.10470392916436,19.0,19
615,1,40,8,27249,136,0,0,136,0,0,27113,15.100247113930587,20.0,20
616,1,40,6,27255,136,0,0,136,0,0,27119,16.096684981009624,21.0,21
617,1,40,2680,29935,149,13,13,149,0,0,29786,15.565668434835157,22.0,22
618,1,40,8,29943,149,0,0,149,0,0,29794,16.56122037994227,23.0,23
619,1,40,2800,32743,163,14,14,163,0,0,32580,16.057120933087784,24.0,24
620,1,40,8,32751,163,0,0,163,0,0,32588,17.052933595188414,25.0,25
621,1,40,1121,33872,169,6,6,169,0,0,33703,17.45568643740913,26.0,26
622,1,40,4,33876,169,0,0,169,0,0,33707,18.4534963064052,27.0,27
623,1,40,6,33882,169,0,0,169,0,0,33713,19.45003411147035,28.0,28
624,1,40,10,33892,169,0,0,169,0,0,33723,20.44396999080746,29.0,29
625,1,40,24,33916,169,0,0,169,0,0,33747,21.42871958988947,30.0,30
626,1,40,6,33922,169,0,0,169,0,0,33753,22.42473261636003,31.0,31
627,1,40,4,33926,169,0,0,169,0,0,33757,23.421956927452083,32.0,32
628,1,40,6,33932,169,0,0,169,0,0,33763,24.41761691792791,33.0,33
629,1,40,20,33952,169,0,0,169,0,0,33783,25.40256933960868,34.0,34
630,1,40,150,34102,170,1,1,170,0,0,33932,26.28648473417423,35.0,35
631,1,40,12,34114,170,0,0,170,0,0,33944,27.276838321942023,36.0,36
632,1,40,8,34122,170,0,0,170,0,0,33952,28.270175541941565,37.0,37
633,1,40,8,34130,170,0,0,170,0,0,33960,29.263280329799766,38.0,38
634,1,40,10,34140,170,0,0,170,0,0,33970,30.254371504268473,39.0,39
635,1,40,16,34156,170,0,0,170,0,0,33986,31.239657506031897,40.0,40
636,1,40,12,34168,170,0,0,170,5407,5407,28591,30.569409954181385,40.0,40
637,1,40,3390,37558,187,17,17,187,9269,14676,22695,23.01951971799956,40.0,40
638,1,40,14,37572,187,0,0,187,2475,17151,20234,21.92586735198181,39.0,40
639,1,40,14,37586,187,0,0,187,931,18082,19317,22.038152922296423,38.0,40
640,1,40,1398,38984,194,7,7,194,1808,19890,18900,19.622169312169312,32.0,40
641,1,40,10,38994,194,0,0,194,13,19903,18897,20.597237656770915,33.0,40
642,1,40,1141,40135,200,6,6,200,864,20767,19168,19.442038814691152,32.0,40
643,1,40,14,40149,200,0,0,200,7,20774,19175,20.41960886571056,33.0,40
644,1,40,2267,42416,212,12,12,212,7,20781,21423,19.155020305279372,34.0,40
645,2,40,10,42426,212,0,0,212,6,20787,21427,20.13977691697391,35.0,40
646,2,40,20,42446,212,0,0,212,14,20801,21433,21.107077870573416,36.0,40
647,2,40,10,42456,212,0,0,212,9,20810,21434,22.088830829523186,37.0,40
648,2,40,14,42470,212,0,0,212,8,20818,21440,23.067070895522388,38.0,40
649,2,40,263,42733,213,1,1,213,1077,21895,20625,22.876945454545453,37.0,40
650,2,40,16,42749,213,0,0,213,8,21903,20633,23.85179082053022,38.0,40
651,2,40,10,42759,213,0,0,213,1198,23101,19445,23.84412445358704,39.0,40
652,2,40,14,42773,213,0,0,213,13,23114,19446,24.815437622133086,40.0,40
653,2,40,8,42781,213,0,0,213,2670,25784,16784,23.38757149666349,36.0,40
654,2,40,8,42789,213,0,0,213,42,25826,16750,24.334268656716418,37.0,40
655,2,40,4,42793,213,0,0,213,1272,27098,15482,24.04062782586229,38.0,40
656,2,40,1965,44758,223,10,10,223,6,27104,17431,22.22230508863519,39.0,40
657,2,40,10,44768,223,0,0,223,4,27108,17437,23.204909101336238,40.0,40
658,2,40,14,44782,223,0,0,223,2669,29777,14782,21.149506156135843,39.0,40
659,2,40,2500,47282,236,13,13,236,7,29784,17262,18.945834781601206,40.0,40
660,2,40,12,47294,236,0,0,236,2796,32580,14478,15.863309849426717,23.0,40
661,2,40,4877,52171,260,24,24,260,8,32588,19323,12.608963411478548,24.0,40
662,2,40,2,52173,260,0,0,260,1114,33702,18211,11.931909285596618,25.0,40
663,2,40,10,52183,260,0,0,260,4,33706,18217,12.918647417247627,26.0,40
664,2,40,1125,53308,266,6,6,266,6,33712,19330,13.103569580962235,27.0,40
665,2,40,10,53318,266,0,0,266,7,33719,19333,14.086535974758185,28.0,40
666,2,40,6,53324,266,0,0,266,16,33735,19323,15.060394348703618,29.0,40
667,2,40,1400,54724,273,7,7,273,6,33741,20710,14.968759053597296,30.0,40
668,2,40,8,54732,273,0,0,273,3,33744,20715,15.958966932174752,31.0,40
669,2,40,322,55054,275,2,2,275,6,33750,21029,16.693994008274288,32.0,40
670,2,40,1906,56960,284,9,9,284,16,33766,22910,16.211828895678742,33.0,40
671,2,40,18,56978,284,0,0,284,149,33915,22779,17.042626980991265,34.0,40
672,2,40,153,57131,285,1,1,285,8,33923,22923,17.914932600444967,35.0,40
673,2,40,445,57576,287,2,2,287,8,33931,23358,18.548463053343607,36.0,40
674,2,40,14,57590,287,0,0,287,7,33938,23365,19.530323132891077,37.0,40
675,2,40,30,57620,288,1,1,288,8,33946,23386,20.497861968699223,38.0,40
676,2,40,8,57628,288,0,0,288,14,33960,23380,21.478828058169377,39.0,40
677,2,40,8,57636,288,0,0,288,11,33971,23377,22.462420327672497,40.0,40
678,2,40,6,57642,288,0,0,288,3388,37359,19995,20.483770942735685,36.0,40
679,2,40,72,57714,288,0,0,288,9,37368,20058,21.397896101306213,37.0,40
680,2,40,22,57736,288,0,0,288,14,37382,20066,22.360360809329215,38.0,40
681,2,40,4703,62439,312,24,24,312,1395,38777,23350,17.621755888650963,37.0,40
682,2,40,6,62445,312,0,0,312,8,38785,23348,18.609302724002056,38.0,40
683,2,40,2192,64637,323,11,11,323,1140,39925,24389,16.85341752429374,34.0,40
684,2,40,4562,69199,345,22,22,345,12,39937,28917,15.040806446035203,28.0,40
685,2,40,14,69213,346,1,1,346,2264,42201,26666,13.913897847446187,26.0,40
686,2,40,4689,73902,369,23,23,369,7,42208,31325,12.68363926576217,27.0,40
687,2,40,8040,81942,409,40,40,409,8,42216,39317,10.878500394231503,28.0,40
688,2,40,7885,89827,449,40,40,449,8,42224,47154,9.889086821902701,29.0,40
689,2,40,14,89841,449,0,0,449,13,42237,47155,10.877552751563991,30.0,40
690,2,40,4972,94813,474,25,25,474,263,42500,51839,10.591350141785142,29.0,40
691,2,40,4809,99622,498,24,24,498,13,42513,56611,10.599229831658159,30.0,40
692,2,40,6898,106520,532,34,34,532,7,42520,63468,10.332844898216424,31.0,40
693,2,40,4,106524,532,0,0,532,12,42532,63460,11.326520642924677,32.0,40
694,2,40,2664,109188,545,13,13,545,8,42540,66103,11.826603936281257,33.0,40
695,3,40,2827,112015,560,15,15,560,7,42547,68908,12.297556161838974,34.0,40
696,3,40,6,112021,560,0,0,560,4,42551,68910,13.294790306196488,35.0,40
697,3,40,12,112033,560,0,0,560,1961,44512,66961,13.51014769791371,36.0,40
698,3,40,65,112098,560,0,0,560,7,44519,67019,14.493307867918054,37.0,40
699,3,40,55,112153,560,0,0,560,11,44530,67063,15.476417696792568,38.0,40
700,3,40,6,112159,560,0,0,560,2444,46974,64625,15.547450676982592,33.0,40
701,3,40,18,112177,560,0,0,560,12,46986,64631,16.538302053194286,34.0,40
702,3,40,14,112191,560,0,0,560,4866,51852,59779,15.62441660114756,21.0,40
703,3,40,8,112199,560,0,0,560,1,51853,59786,16.62178436423243,22.0,40
704,3,40,16,112215,561,1,1,561,10,51863,59791,17.613420079945143,23.0,40
705,3,40,2362,114577,572,11,11,572,1120,52983,61022,17.484530169447083,24.0,40
706,3,40,4,114581,572,0,0,572,9,52992,61017,18.479997377779963,25.0,40
707,3,40,309,114890,574,2,2,574,6,52998,61318,19.3803613946965,26.0,40
708,3,40,4,114894,574,0,0,574,1398,54396,59924,19.89795407516187,27.0,40
709,3,40,2313,117207,586,12,12,586,3,54399,62222,20.122882581723506,28.0,40
710,3,40,1788,118995,594,8,8,594,320,54719,63682,20.43258691624007,29.0,40
711,3,40,8,119003,595,1,1,595,1898,56617,61791,20.82911750902235,28.0,40
712,3,40,23,119026,595,0,0,595,11,56628,61803,21.81758167079268,29.0,40
713,3,40,8,119034,595,0,0,595,150,56778,61661,22.770389711487002,30.0,40
714,3,40,681,119715,598,3,3,598,444,57222,61895,23.386347847160515,31.0,40
715,3,40,1879,121594,607,9,9,607,7,57229,63758,23.668276922111733,32.0,40
716,3,40,140,121734,608,1,1,608,25,57254,63872,24.608200776553105,33.0,40
717,3,40,632,122366,611,3,3,611,4,57258,64497,25.357489495635456,34.0,40
718,3,40,918,123284,616,5,5,616,2,57260,65408,25.989129770058707,35.0,40
719,3,40,14,123298,616,0,0,616,5,57265,65417,26.982282892826024,36.0,40
720,3,40,10,123308,616,0,0,616,69,57334,65358,27.964258392239664,37.0,40
721,3,40,4,123312,616,0,0,616,14,57348,65348,28.959906959662117,38.0,40
722,3,40,10,123322,616,0,0,616,4686,62034,60672,29.102287710970465,38.0,40
723,3,40,14,123336,616,0,0,616,6,62040,60680,30.09426499670402,39.0,40
724,3,40,14,123350,616,0,0,616,2180,64220,58514,30.717776942270227,38.0,40
725,3,40,4,123354,616,0,0,616,4461,68681,54057,30.949423756405277,38.0,40
726,3,40,22,123376,616,0,0,616,7,68688,54072,31.935252996005325,39.0,40
727,3,40,12,123388,616,0,0,616,4685,73373,49399,32.16239195125407,40.0,40
728,3,40,10,123398,616,0,0,616,8037,81410,41372,31.631828289664508,40.0,40
729,3,40,4,123402,617,1,1,617,7882,89292,33493,30.65954079957006,39.0,40
730,3,40,28,123430,617,0,0,617,10,89302,33511,31.63030049834383,40.0,40
731,3,40,16,123446,617,0,0,617,4967,94269,28560,31.15640756302521,40.0,40
732,3,40,10,123456,617,0,0,617,4808,99077,23762,30.353463513172294,40.0,40
733,3,40,10,123466,617,0,0,617,6893,105970,16879,27.395461816458322,39.0,40
734,3,40,8,123474,617,0,0,617,3,105973,16884,28.379767827529022,40.0,40
735,3,40,12,123486,617,0,0,617,2658,108631,14238,27.185700238797583,40.0,40
736,3,40,14,123500,617,0,0,617,2824,111455,11428,24.9845992299615,31.0,40
737,3,40,10,123510,617,0,0,617,6,111461,11432,25.953988803358992,32.0,40
738,3,40,10,123520,617,0,0,617,10,111471,11432,26.91812456263121,33.0,40
739,3,40,10,123530,617,0,0,617,57,111528,11385,27.82810715854194,34.0,40
740,3,40,6,123536,617,0,0,617,54,111582,11337,28.754873423304225,35.0,40
741,3,40,22,123558,617,0,0,617,6,111588,11353,29.691271029683783,36.0,40
742,3,40,14,123572,617,0,0,617,15,111603,11352,30.63979915433404,37.0,40
743,3,40,8,123580,617,0,0,617,8,111611,11352,31.610905567300914,38.0,40
595,1,infinite,5434,5434,27,27,27,27,0,0,5407,0.0,0.0,0
596,1,infinite,9319,14753,73,46,46,73,0,0,14680,0.3683242506811989,1.0,1
597,1,infinite,2486,17239,86,13,13,86,0,0,17153,1.170932198449251,2.0,2
598,1,infinite,934,18173,90,4,4,90,0,0,18083,2.059171597633136,3.0,3
599,1,infinite,1816,19989,99,9,9,99,0,0,19890,2.7810960281548516,4.0,4
600,1,infinite,18,20007,100,1,1,100,0,0,19907,3.777867081930979,5.0,5
601,1,infinite,865,20872,104,4,4,104,0,0,20768,4.579593605546996,6.0,6
602,1,infinite,8,20880,104,0,0,104,0,0,20776,5.577445128994994,7.0,7
603,1,infinite,12,20892,104,0,0,104,0,0,20788,6.573648258610737,8.0,8
604,1,infinite,8,20900,104,0,0,104,0,0,20796,7.5707347566839776,9.0,9
605,1,infinite,16,20916,104,0,0,104,0,0,20812,8.564145685181625,10.0,10
606,1,infinite,14,20930,104,0,0,104,0,0,20826,9.557716316143283,11.0,11
607,1,infinite,8,20938,104,0,0,104,0,0,20834,10.55366228280695,12.0,12
608,1,infinite,1082,22020,110,6,6,110,0,0,21910,10.985668644454586,13.0,13
609,1,infinite,8,22028,110,0,0,110,0,0,21918,11.981293913678256,14.0,14
610,1,infinite,1199,23227,116,6,6,116,0,0,23111,12.30963610401973,15.0,15
611,1,infinite,14,23241,116,0,0,116,0,0,23125,13.301578378378379,16.0,16
612,1,infinite,2677,25918,129,13,13,129,0,0,25789,12.822792663538719,17.0,17
613,1,infinite,45,25963,129,0,0,129,0,0,25834,13.798714871874274,18.0,18
614,1,infinite,1278,27241,136,7,7,136,0,0,27105,14.10470392916436,19.0,19
615,1,infinite,8,27249,136,0,0,136,0,0,27113,15.100247113930587,20.0,20
616,1,infinite,6,27255,136,0,0,136,0,0,27119,16.096684981009624,21.0,21
617,1,infinite,2680,29935,149,13,13,149,0,0,29786,15.565668434835157,22.0,22
618,1,infinite,8,29943,149,0,0,149,0,0,29794,16.56122037994227,23.0,23
619,1,infinite,2800,32743,163,14,14,163,0,0,32580,16.057120933087784,24.0,24
620,1,infinite,8,32751,163,0,0,163,0,0,32588,17.052933595188414,25.0,25
621,1,infinite,1121,33872,169,6,6,169,0,0,33703,17.45568643740913,26.0,26
622,1,infinite,4,33876,169,0,0,169,0,0,33707,18.4534963064052,27.0,27
623,1,infinite,6,33882,169,0,0,169,0,0,33713,19.45003411147035,28.0,28
624,1,infinite,10,33892,169,0,0,169,0,0,33723,20.44396999080746,29.0,29
625,1,infinite,24,33916,169,0,0,169,0,0,33747,21.42871958988947,30.0,30
626,1,infinite,6,33922,169,0,0,169,0,0,33753,22.42473261636003,31.0,31
627,1,infinite,4,33926,169,0,0,169,0,0,33757,23.421956927452083,32.0,32
628,1,infinite,6,33932,169,0,0,169,0,0,33763,24.41761691792791,33.0,33
629,1,infinite,20,33952,169,0,0,169,0,0,33783,25.40256933960868,34.0,34
630,1,infinite,150,34102,170,1,1,170,0,0,33932,26.28648473417423,35.0,35
631,1,infinite,12,34114,170,0,0,170,0,0,33944,27.276838321942023,36.0,36
632,1,infinite,8,34122,170,0,0,170,0,0,33952,28.270175541941565,37.0,37
633,1,infinite,8,34130,170,0,0,170,0,0,33960,29.263280329799766,38.0,38
634,1,infinite,10,34140,170,0,0,170,0,0,33970,30.254371504268473,39.0,39
635,1,infinite,16,34156,170,0,0,170,0,0,33986,31.239657506031897,40.0,40
636,1,infinite,12,34168,170,0,0,170,0,0,33998,32.22827813400788,41.0,41
637,1,infinite,3390,37558,187,17,17,187,0,0,37371,30.225335152926064,42.0,42
638,1,infinite,14,37572,187,0,0,187,0,0,37385,31.213641834960544,43.0,43
639,1,infinite,14,37586,187,0,0,187,0,0,37399,32.20158293002487,44.0,44
640,1,infinite,1398,38984,194,7,7,194,0,0,38790,32.009925238463524,45.0,45
641,1,infinite,10,38994,194,0,0,194,0,0,38800,33.0014175257732,46.0,46
642,1,infinite,1141,40135,200,6,6,200,0,0,39935,33.03420558407412,47.0,47
643,1,infinite,14,40149,200,0,0,200,0,0,39949,34.02227840496633,48.0,48
644,1,infinite,2267,42416,212,12,12,212,0,0,42204,33.14920386693205,49.0,49
645,2,infinite,10,42426,212,0,0,212,0,0,42214,34.14111432226276,50.0,50
646,2,infinite,20,42446,212,0,0,212,0,0,42234,35.12447317327272,51.0,51
647,2,infinite,10,42456,212,0,0,212,0,0,42244,36.115921787709496,52.0,52
648,2,infinite,14,42470,212,0,0,212,0,0,42258,37.10362534904633,53.0,53
649,2,infinite,263,42733,213,1,1,213,0,0,42520,37.86874412041392,54.0,54
650,2,infinite,16,42749,213,0,0,213,0,0,42536,38.85412356592063,55.0,55
651,2,infinite,10,42759,213,0,0,213,0,0,42546,39.844756263808584,56.0,56
652,2,infinite,14,42773,213,0,0,213,0,0,42560,40.83132048872181,57.0,57
653,2,infinite,8,42781,213,0,0,213,0,0,42568,41.82345893629017,58.0,58
654,2,infinite,8,42789,213,0,0,213,0,0,42576,42.81541243893273,59.0,59
655,2,infinite,4,42793,213,0,0,213,0,0,42580,43.81129638327853,60.0,60
656,2,infinite,1965,44758,223,10,10,223,0,0,44535,42.84246098574155,61.0,61
657,2,infinite,10,44768,223,0,0,223,0,0,44545,43.83261870019082,62.0,62
658,2,infinite,14,44782,223,0,0,223,0,0,44559,44.81853273188357,63.0,63
659,2,infinite,2500,47282,236,13,13,236,0,0,47046,43.394635038047866,64.0,64
660,2,infinite,12,47294,236,0,0,236,0,0,47058,44.38331420799864,65.0,65
661,2,infinite,4877,52171,260,24,24,260,0,0,51911,41.13634875074647,66.0,66
662,2,infinite,2,52173,260,0,0,260,0,0,51913,42.13472540596768,67.0,67
663,2,infinite,10,52183,260,0,0,260,0,0,51923,43.12641796506365,68.0,68
664,2,infinite,1125,53308,266,6,6,266,0,0,53042,43.195184947777236,69.0,69
665,2,infinite,10,53318,266,0,0,266,0,0,53052,44.18685440699691,70.0,70
666,2,infinite,6,53324,266,0,0,266,0,0,53058,45.181744506012286,71.0,71
667,2,infinite,1400,54724,273,7,7,273,0,0,54451,44.998071660759216,71.0,72
668,2,infinite,8,54732,273,0,0,273,0,0,54459,45.99131456692191,72.0,73
669,2,infinite,322,55054,275,2,2,275,0,0,54779,46.71678928056372,73.0,74
670,2,infinite,1906,56960,284,9,9,284,0,0,56676,46.1186216387889,74.0,75
671,2,infinite,18,56978,284,0,0,284,0,0,56694,47.10366176314954,75.0,76
672,2,infinite,153,57131,285,1,1,285,0,0,56846,47.975020230095346,76.0,77
673,2,infinite,445,57576,287,2,2,287,0,0,57289,48.596240115903576,77.0,78
674,2,infinite,14,57590,287,0,0,287,0,0,57303,49.584122995305655,78.0,79
675,2,infinite,30,57620,288,1,1,288,0,0,57332,50.558536245028954,79.0,80
676,2,infinite,8,57628,288,0,0,288,0,0,57340,51.551342867108474,80.0,81
677,2,infinite,8,57636,288,0,0,288,0,0,57348,52.54401199693102,81.0,82
678,2,infinite,6,57642,288,0,0,288,0,0,57354,53.53841057293301,82.0,83
679,2,infinite,72,57714,288,0,0,288,0,0,57426,54.470030996412774,83.0,84
680,2,infinite,22,57736,288,0,0,288,0,0,57448,55.448788469572484,84.0,85
681,2,infinite,4703,62439,312,24,24,312,0,0,62127,52.1960500265585,85.0,86
682,2,infinite,6,62445,312,0,0,312,0,0,62133,53.19091304137898,86.0,87
683,2,infinite,2192,64637,323,11,11,323,0,0,64314,52.35227166713313,87.0,88
684,2,infinite,4562,69199,345,22,22,345,0,0,68854,49.83440323002295,88.0,89
685,2,infinite,14,69213,346,1,1,346,0,0,68867,50.82480723713825,89.0,90
686,2,infinite,4689,73902,369,23,23,369,0,0,73533,48.532373220186855,90.0,91
687,2,infinite,8040,81942,409,40,40,409,0,0,81533,44.663694455005945,91.0,92
688,2,infinite,7885,89827,449,40,40,449,0,0,89378,41.649913849045625,92.0,93
689,2,infinite,14,89841,449,0,0,449,0,0,89392,42.64323429389655,93.0,94
690,2,infinite,4972,94813,474,25,25,474,0,0,94339,41.35182692205768,94.0,95
691,2,infinite,4809,99622,498,24,24,498,0,0,99124,40.30141035470724,95.0,96
692,2,infinite,6898,106520,532,34,34,532,0,0,105988,38.62090047929954,96.0,97
693,2,infinite,4,106524,532,0,0,532,0,0,105992,39.61940523813118,97.0,98
694,2,infinite,2664,109188,545,13,13,545,0,0,108643,39.62718260725495,98.0,99
695,3,infinite,2827,112015,560,15,15,560,0,0,111455,39.596366246467184,99.0,100
696,3,infinite,6,112021,560,0,0,560,0,0,111461,40.59418092426947,100.0,101
697,3,infinite,12,112033,560,0,0,560,0,0,111473,41.58970333623389,101.0,102
698,3,infinite,65,112098,560,0,0,560,0,0,111538,42.56488371676021,102.0,103
699,3,infinite,55,112153,560,0,0,560,0,0,111593,43.54341222119667,103.0,104
700,3,infinite,6,112159,560,0,0,560,0,0,111599,44.541017392628966,104.0,105
701,3,infinite,18,112177,560,0,0,560,0,0,111617,45.53367318598421,105.0,106
702,3,infinite,14,112191,560,0,0,560,0,0,111631,46.527837249509545,106.0,107
703,3,infinite,8,112199,560,0,0,560,0,0,111639,47.52443142629368,107.0,108
704,3,infinite,16,112215,561,1,1,561,0,0,111654,48.51789456714493,108.0,109
705,3,infinite,2362,114577,572,11,11,572,0,0,114005,48.49626770755668,109.0,110
706,3,infinite,4,114581,572,0,0,572,0,0,114009,49.494531133507,110.0,111
707,3,infinite,309,114890,574,2,2,574,0,0,114316,50.35892613457434,111.0,112
708,3,infinite,4,114894,574,0,0,574,0,0,114320,51.35712911126662,112.0,113
709,3,infinite,2313,117207,586,12,12,586,0,0,116621,51.323406590579744,113.0,114
710,3,infinite,1788,118995,594,8,8,594,0,0,118401,51.536794452749554,114.0,115
711,3,infinite,8,119003,595,1,1,595,0,0,118408,52.53368860212148,115.0,116
712,3,infinite,23,119026,595,0,0,595,0,0,118431,53.52329204346835,116.0,117
713,3,infinite,8,119034,595,0,0,595,0,0,118439,54.51960925033139,117.0,118
714,3,infinite,681,119715,598,3,3,598,0,0,119117,55.203564562572936,118.0,119
715,3,infinite,1879,121594,607,9,9,607,0,0,120987,55.33434170613371,119.0,120
716,3,infinite,140,121734,608,1,1,608,0,0,121126,56.26969436784836,120.0,121
717,3,infinite,632,122366,611,3,3,611,0,0,121755,56.9738244835941,121.0,122
718,3,infinite,918,123284,616,5,5,616,0,0,122668,57.54233377898066,122.0,123
719,3,infinite,14,123298,616,0,0,616,0,0,122682,58.535653152051644,123.0,124
720,3,infinite,10,123308,616,0,0,616,0,0,122692,59.53080070420239,124.0,125
721,3,infinite,4,123312,616,0,0,616,0,0,122696,60.52882734563474,125.0,126
722,3,infinite,10,123322,616,0,0,616,0,0,122706,61.523813016478414,126.0,127
723,3,infinite,14,123336,616,0,0,616,0,0,122720,62.516680247718384,127.0,128
724,3,infinite,14,123350,616,0,0,616,0,0,122734,63.50943503837568,128.0,129
725,3,infinite,4,123354,616,0,0,616,0,0,122738,64.5073326924017,129.0,130
726,3,infinite,22,123376,616,0,0,616,0,0,122760,65.49559302704463,130.0,131
727,3,infinite,12,123388,616,0,0,616,0,0,122772,66.48909360440491,131.0,132
728,3,infinite,10,123398,616,0,0,616,0,0,122782,67.48359694417749,132.0,133
729,3,infinite,4,123402,617,1,1,617,0,0,122785,68.48190739911227,133.0,134
730,3,infinite,28,123430,617,0,0,617,0,0,122813,69.4660662959133,134.0,135
731,3,infinite,16,123446,617,0,0,617,0,0,122829,70.45688721718813,135.0,136
732,3,infinite,10,123456,617,0,0,617,0,0,122839,71.45107009988685,136.0,137
733,3,infinite,10,123466,617,0,0,617,0,0,122849,72.44517252887691,137.0,138
734,3,infinite,8,123474,617,0,0,617,0,0,122857,73.44039004696518,138.0,139
735,3,infinite,12,123486,617,0,0,617,0,0,122869,74.43311982680741,139.0,140
736,3,infinite,14,123500,617,0,0,617,0,0,122883,75.42452576841386,140.0,141
737,3,infinite,10,123510,617,0,0,617,0,0,122893,76.41830698249697,141.0,142
738,3,infinite,10,123520,617,0,0,617,0,0,122903,77.41200784358396,142.0,143
739,3,infinite,10,123530,617,0,0,617,0,0,122913,78.40562837128701,143.0,144
740,3,infinite,6,123536,617,0,0,617,0,0,122919,79.40175237351427,144.0,145
741,3,infinite,22,123558,617,0,0,617,0,0,122941,80.38736467085837,145.0,146
742,3,infinite,14,123572,617,0,0,617,0,0,122955,81.37809767801228,146.0,147
743,3,infinite,8,123580,617,0,0,617,0,0,122963,82.37273814074152,147.0,148
