step,active_regime,max_pending_cases,transactions,cumulative_transactions,cumulative_entitlement,new_slots_available,selected_this_step,selected_cumulative,evicted_this_step,evicted_cumulative,pending_after_selection_and_cap
595,1,0,5434,5434,27,27,27,27,5407,5407,0
596,1,0,9319,14753,73,46,46,73,9273,14680,0
597,1,0,2486,17239,86,13,13,86,2473,17153,0
598,1,0,934,18173,90,4,4,90,930,18083,0
599,1,0,1816,19989,99,9,9,99,1807,19890,0
600,1,0,18,20007,100,1,1,100,17,19907,0
601,1,0,865,20872,104,4,4,104,861,20768,0
602,1,0,8,20880,104,0,0,104,8,20776,0
603,1,0,12,20892,104,0,0,104,12,20788,0
604,1,0,8,20900,104,0,0,104,8,20796,0
605,1,0,16,20916,104,0,0,104,16,20812,0
606,1,0,14,20930,104,0,0,104,14,20826,0
607,1,0,8,20938,104,0,0,104,8,20834,0
608,1,0,1082,22020,110,6,6,110,1076,21910,0
609,1,0,8,22028,110,0,0,110,8,21918,0
610,1,0,1199,23227,116,6,6,116,1193,23111,0
611,1,0,14,23241,116,0,0,116,14,23125,0
612,1,0,2677,25918,129,13,13,129,2664,25789,0
613,1,0,45,25963,129,0,0,129,45,25834,0
614,1,0,1278,27241,136,7,7,136,1271,27105,0
615,1,0,8,27249,136,0,0,136,8,27113,0
616,1,0,6,27255,136,0,0,136,6,27119,0
617,1,0,2680,29935,149,13,13,149,2667,29786,0
618,1,0,8,29943,149,0,0,149,8,29794,0
619,1,0,2800,32743,163,14,14,163,2786,32580,0
620,1,0,8,32751,163,0,0,163,8,32588,0
621,1,0,1121,33872,169,6,6,169,1115,33703,0
622,1,0,4,33876,169,0,0,169,4,33707,0
623,1,0,6,33882,169,0,0,169,6,33713,0
624,1,0,10,33892,169,0,0,169,10,33723,0
625,1,0,24,33916,169,0,0,169,24,33747,0
626,1,0,6,33922,169,0,0,169,6,33753,0
627,1,0,4,33926,169,0,0,169,4,33757,0
628,1,0,6,33932,169,0,0,169,6,33763,0
629,1,0,20,33952,169,0,0,169,20,33783,0
630,1,0,150,34102,170,1,1,170,149,33932,0
631,1,0,12,34114,170,0,0,170,12,33944,0
632,1,0,8,34122,170,0,0,170,8,33952,0
633,1,0,8,34130,170,0,0,170,8,33960,0
634,1,0,10,34140,170,0,0,170,10,33970,0
635,1,0,16,34156,170,0,0,170,16,33986,0
636,1,0,12,34168,170,0,0,170,12,33998,0
637,1,0,3390,37558,187,17,17,187,3373,37371,0
638,1,0,14,37572,187,0,0,187,14,37385,0
639,1,0,14,37586,187,0,0,187,14,37399,0
640,1,0,1398,38984,194,7,7,194,1391,38790,0
641,1,0,10,38994,194,0,0,194,10,38800,0
642,1,0,1141,40135,200,6,6,200,1135,39935,0
643,1,0,14,40149,200,0,0,200,14,39949,0
644,1,0,2267,42416,212,12,12,212,2255,42204,0
645,2,0,10,42426,212,0,0,212,10,42214,0
646,2,0,20,42446,212,0,0,212,20,42234,0
647,2,0,10,42456,212,0,0,212,10,42244,0
648,2,0,14,42470,212,0,0,212,14,42258,0
649,2,0,263,42733,213,1,1,213,262,42520,0
650,2,0,16,42749,213,0,0,213,16,42536,0
651,2,0,10,42759,213,0,0,213,10,42546,0
652,2,0,14,42773,213,0,0,213,14,42560,0
653,2,0,8,42781,213,0,0,213,8,42568,0
654,2,0,8,42789,213,0,0,213,8,42576,0
655,2,0,4,42793,213,0,0,213,4,42580,0
656,2,0,1965,44758,223,10,10,223,1955,44535,0
657,2,0,10,44768,223,0,0,223,10,44545,0
658,2,0,14,44782,223,0,0,223,14,44559,0
659,2,0,2500,47282,236,13,13,236,2487,47046,0
660,2,0,12,47294,236,0,0,236,12,47058,0
661,2,0,4877,52171,260,24,24,260,4853,51911,0
662,2,0,2,52173,260,0,0,260,2,51913,0
663,2,0,10,52183,260,0,0,260,10,51923,0
664,2,0,1125,53308,266,6,6,266,1119,53042,0
665,2,0,10,53318,266,0,0,266,10,53052,0
666,2,0,6,53324,266,0,0,266,6,53058,0
667,2,0,1400,54724,273,7,7,273,1393,54451,0
668,2,0,8,54732,273,0,0,273,8,54459,0
669,2,0,322,55054,275,2,2,275,320,54779,0
670,2,0,1906,56960,284,9,9,284,1897,56676,0
671,2,0,18,56978,284,0,0,284,18,56694,0
672,2,0,153,57131,285,1,1,285,152,56846,0
673,2,0,445,57576,287,2,2,287,443,57289,0
674,2,0,14,57590,287,0,0,287,14,57303,0
675,2,0,30,57620,288,1,1,288,29,57332,0
676,2,0,8,57628,288,0,0,288,8,57340,0
677,2,0,8,57636,288,0,0,288,8,57348,0
678,2,0,6,57642,288,0,0,288,6,57354,0
679,2,0,72,57714,288,0,0,288,72,57426,0
680,2,0,22,57736,288,0,0,288,22,57448,0
681,2,0,4703,62439,312,24,24,312,4679,62127,0
682,2,0,6,62445,312,0,0,312,6,62133,0
683,2,0,2192,64637,323,11,11,323,2181,64314,0
684,2,0,4562,69199,345,22,22,345,4540,68854,0
685,2,0,14,69213,346,1,1,346,13,68867,0
686,2,0,4689,73902,369,23,23,369,4666,73533,0
687,2,0,8040,81942,409,40,40,409,8000,81533,0
688,2,0,7885,89827,449,40,40,449,7845,89378,0
689,2,0,14,89841,449,0,0,449,14,89392,0
690,2,0,4972,94813,474,25,25,474,4947,94339,0
691,2,0,4809,99622,498,24,24,498,4785,99124,0
692,2,0,6898,106520,532,34,34,532,6864,105988,0
693,2,0,4,106524,532,0,0,532,4,105992,0
694,2,0,2664,109188,545,13,13,545,2651,108643,0
695,3,0,2827,112015,560,15,15,560,2812,111455,0
696,3,0,6,112021,560,0,0,560,6,111461,0
697,3,0,12,112033,560,0,0,560,12,111473,0
698,3,0,65,112098,560,0,0,560,65,111538,0
699,3,0,55,112153,560,0,0,560,55,111593,0
700,3,0,6,112159,560,0,0,560,6,111599,0
701,3,0,18,112177,560,0,0,560,18,111617,0
702,3,0,14,112191,560,0,0,560,14,111631,0
703,3,0,8,112199,560,0,0,560,8,111639,0
704,3,0,16,112215,561,1,1,561,15,111654,0
705,3,0,2362,114577,572,11,11,572,2351,114005,0
706,3,0,4,114581,572,0,0,572,4,114009,0
707,3,0,309,114890,574,2,2,574,307,114316,0
708,3,0,4,114894,574,0,0,574,4,114320,0
709,3,0,2313,117207,586,12,12,586,2301,116621,0
710,3,0,1788,118995,594,8,8,594,1780,118401,0
711,3,0,8,119003,595,1,1,595,7,118408,0
712,3,0,23,119026,595,0,0,595,23,118431,0
713,3,0,8,119034,595,0,0,595,8,118439,0
714,3,0,681,119715,598,3,3,598,678,119117,0
715,3,0,1879,121594,607,9,9,607,1870,120987,0
716,3,0,140,121734,608,1,1,608,139,121126,0
717,3,0,632,122366,611,3,3,611,629,121755,0
718,3,0,918,123284,616,5,5,616,913,122668,0
719,3,0,14,123298,616,0,0,616,14,122682,0
720,3,0,10,123308,616,0,0,616,10,122692,0
721,3,0,4,123312,616,0,0,616,4,122696,0
722,3,0,10,123322,616,0,0,616,10,122706,0
723,3,0,14,123336,616,0,0,616,14,122720,0
724,3,0,14,123350,616,0,0,616,14,122734,0
725,3,0,4,123354,616,0,0,616,4,122738,0
726,3,0,22,123376,616,0,0,616,22,122760,0
727,3,0,12,123388,616,0,0,616,12,122772,0
728,3,0,10,123398,616,0,0,616,10,122782,0
729,3,0,4,123402,617,1,1,617,3,122785,0
730,3,0,28,123430,617,0,0,617,28,122813,0
731,3,0,16,123446,617,0,0,617,16,122829,0
732,3,0,10,123456,617,0,0,617,10,122839,0
733,3,0,10,123466,617,0,0,617,10,122849,0
734,3,0,8,123474,617,0,0,617,8,122857,0
735,3,0,12,123486,617,0,0,617,12,122869,0
736,3,0,14,123500,617,0,0,617,14,122883,0
737,3,0,10,123510,617,0,0,617,10,122893,0
738,3,0,10,123520,617,0,0,617,10,122903,0
739,3,0,10,123530,617,0,0,617,10,122913,0
740,3,0,6,123536,617,0,0,617,6,122919,0
741,3,0,22,123558,617,0,0,617,22,122941,0
742,3,0,14,123572,617,0,0,617,14,122955,0
743,3,0,8,123580,617,0,0,617,8,122963,0
595,1,5000,5434,5434,27,27,27,27,407,407,5000
596,1,5000,9319,14753,73,46,46,73,9273,9680,5000
597,1,5000,2486,17239,86,13,13,86,2473,12153,5000
598,1,5000,934,18173,90,4,4,90,930,13083,5000
599,1,5000,1816,19989,99,9,9,99,1807,14890,5000
600,1,5000,18,20007,100,1,1,100,17,14907,5000
601,1,5000,865,20872,104,4,4,104,861,15768,5000
602,1,5000,8,20880,104,0,0,104,8,15776,5000
603,1,5000,12,20892,104,0,0,104,12,15788,5000
604,1,5000,8,20900,104,0,0,104,8,15796,5000
605,1,5000,16,20916,104,0,0,104,16,15812,5000
606,1,5000,14,20930,104,0,0,104,14,15826,5000
607,1,5000,8,20938,104,0,0,104,8,15834,5000
608,1,5000,1082,22020,110,6,6,110,1076,16910,5000
609,1,5000,8,22028,110,0,0,110,8,16918,5000
610,1,5000,1199,23227,116,6,6,116,1193,18111,5000
611,1,5000,14,23241,116,0,0,116,14,18125,5000
612,1,5000,2677,25918,129,13,13,129,2664,20789,5000
613,1,5000,45,25963,129,0,0,129,45,20834,5000
614,1,5000,1278,27241,136,7,7,136,1271,22105,5000
615,1,5000,8,27249,136,0,0,136,8,22113,5000
616,1,5000,6,27255,136,0,0,136,6,22119,5000
617,1,5000,2680,29935,149,13,13,149,2667,24786,5000
618,1,5000,8,29943,149,0,0,149,8,24794,5000
619,1,5000,2800,32743,163,14,14,163,2786,27580,5000
620,1,5000,8,32751,163,0,0,163,8,27588,5000
621,1,5000,1121,33872,169,6,6,169,1115,28703,5000
622,1,5000,4,33876,169,0,0,169,4,28707,5000
623,1,5000,6,33882,169,0,0,169,6,28713,5000
624,1,5000,10,33892,169,0,0,169,10,28723,5000
625,1,5000,24,33916,169,0,0,169,24,28747,5000
626,1,5000,6,33922,169,0,0,169,6,28753,5000
627,1,5000,4,33926,169,0,0,169,4,28757,5000
628,1,5000,6,33932,169,0,0,169,6,28763,5000
629,1,5000,20,33952,169,0,0,169,20,28783,5000
630,1,5000,150,34102,170,1,1,170,149,28932,5000
631,1,5000,12,34114,170,0,0,170,12,28944,5000
632,1,5000,8,34122,170,0,0,170,8,28952,5000
633,1,5000,8,34130,170,0,0,170,8,28960,5000
634,1,5000,10,34140,170,0,0,170,10,28970,5000
635,1,5000,16,34156,170,0,0,170,16,28986,5000
636,1,5000,12,34168,170,0,0,170,12,28998,5000
637,1,5000,3390,37558,187,17,17,187,3373,32371,5000
638,1,5000,14,37572,187,0,0,187,14,32385,5000
639,1,5000,14,37586,187,0,0,187,14,32399,5000
640,1,5000,1398,38984,194,7,7,194,1391,33790,5000
641,1,5000,10,38994,194,0,0,194,10,33800,5000
642,1,5000,1141,40135,200,6,6,200,1135,34935,5000
643,1,5000,14,40149,200,0,0,200,14,34949,5000
644,1,5000,2267,42416,212,12,12,212,2255,37204,5000
645,2,5000,10,42426,212,0,0,212,10,37214,5000
646,2,5000,20,42446,212,0,0,212,20,37234,5000
647,2,5000,10,42456,212,0,0,212,10,37244,5000
648,2,5000,14,42470,212,0,0,212,14,37258,5000
649,2,5000,263,42733,213,1,1,213,262,37520,5000
650,2,5000,16,42749,213,0,0,213,16,37536,5000
651,2,5000,10,42759,213,0,0,213,10,37546,5000
652,2,5000,14,42773,213,0,0,213,14,37560,5000
653,2,5000,8,42781,213,0,0,213,8,37568,5000
654,2,5000,8,42789,213,0,0,213,8,37576,5000
655,2,5000,4,42793,213,0,0,213,4,37580,5000
656,2,5000,1965,44758,223,10,10,223,1955,39535,5000
657,2,5000,10,44768,223,0,0,223,10,39545,5000
658,2,5000,14,44782,223,0,0,223,14,39559,5000
659,2,5000,2500,47282,236,13,13,236,2487,42046,5000
660,2,5000,12,47294,236,0,0,236,12,42058,5000
661,2,5000,4877,52171,260,24,24,260,4853,46911,5000
662,2,5000,2,52173,260,0,0,260,2,46913,5000
663,2,5000,10,52183,260,0,0,260,10,46923,5000
664,2,5000,1125,53308,266,6,6,266,1119,48042,5000
665,2,5000,10,53318,266,0,0,266,10,48052,5000
666,2,5000,6,53324,266,0,0,266,6,48058,5000
667,2,5000,1400,54724,273,7,7,273,1393,49451,5000
668,2,5000,8,54732,273,0,0,273,8,49459,5000
669,2,5000,322,55054,275,2,2,275,320,49779,5000
670,2,5000,1906,56960,284,9,9,284,1897,51676,5000
671,2,5000,18,56978,284,0,0,284,18,51694,5000
672,2,5000,153,57131,285,1,1,285,152,51846,5000
673,2,5000,445,57576,287,2,2,287,443,52289,5000
674,2,5000,14,57590,287,0,0,287,14,52303,5000
675,2,5000,30,57620,288,1,1,288,29,52332,5000
676,2,5000,8,57628,288,0,0,288,8,52340,5000
677,2,5000,8,57636,288,0,0,288,8,52348,5000
678,2,5000,6,57642,288,0,0,288,6,52354,5000
679,2,5000,72,57714,288,0,0,288,72,52426,5000
680,2,5000,22,57736,288,0,0,288,22,52448,5000
681,2,5000,4703,62439,312,24,24,312,4679,57127,5000
682,2,5000,6,62445,312,0,0,312,6,57133,5000
683,2,5000,2192,64637,323,11,11,323,2181,59314,5000
684,2,5000,4562,69199,345,22,22,345,4540,63854,5000
685,2,5000,14,69213,346,1,1,346,13,63867,5000
686,2,5000,4689,73902,369,23,23,369,4666,68533,5000
687,2,5000,8040,81942,409,40,40,409,8000,76533,5000
688,2,5000,7885,89827,449,40,40,449,7845,84378,5000
689,2,5000,14,89841,449,0,0,449,14,84392,5000
690,2,5000,4972,94813,474,25,25,474,4947,89339,5000
691,2,5000,4809,99622,498,24,24,498,4785,94124,5000
692,2,5000,6898,106520,532,34,34,532,6864,100988,5000
693,2,5000,4,106524,532,0,0,532,4,100992,5000
694,2,5000,2664,109188,545,13,13,545,2651,103643,5000
695,3,5000,2827,112015,560,15,15,560,2812,106455,5000
696,3,5000,6,112021,560,0,0,560,6,106461,5000
697,3,5000,12,112033,560,0,0,560,12,106473,5000
698,3,5000,65,112098,560,0,0,560,65,106538,5000
699,3,5000,55,112153,560,0,0,560,55,106593,5000
700,3,5000,6,112159,560,0,0,560,6,106599,5000
701,3,5000,18,112177,560,0,0,560,18,106617,5000
702,3,5000,14,112191,560,0,0,560,14,106631,5000
703,3,5000,8,112199,560,0,0,560,8,106639,5000
704,3,5000,16,112215,561,1,1,561,15,106654,5000
705,3,5000,2362,114577,572,11,11,572,2351,109005,5000
706,3,5000,4,114581,572,0,0,572,4,109009,5000
707,3,5000,309,114890,574,2,2,574,307,109316,5000
708,3,5000,4,114894,574,0,0,574,4,109320,5000
709,3,5000,2313,117207,586,12,12,586,2301,111621,5000
710,3,5000,1788,118995,594,8,8,594,1780,113401,5000
711,3,5000,8,119003,595,1,1,595,7,113408,5000
712,3,5000,23,119026,595,0,0,595,23,113431,5000
713,3,5000,8,119034,595,0,0,595,8,113439,5000
714,3,5000,681,119715,598,3,3,598,678,114117,5000
715,3,5000,1879,121594,607,9,9,607,1870,115987,5000
716,3,5000,140,121734,608,1,1,608,139,116126,5000
717,3,5000,632,122366,611,3,3,611,629,116755,5000
718,3,5000,918,123284,616,5,5,616,913,117668,5000
719,3,5000,14,123298,616,0,0,616,14,117682,5000
720,3,5000,10,123308,616,0,0,616,10,117692,5000
721,3,5000,4,123312,616,0,0,616,4,117696,5000
722,3,5000,10,123322,616,0,0,616,10,117706,5000
723,3,5000,14,123336,616,0,0,616,14,117720,5000
724,3,5000,14,123350,616,0,0,616,14,117734,5000
725,3,5000,4,123354,616,0,0,616,4,117738,5000
726,3,5000,22,123376,616,0,0,616,22,117760,5000
727,3,5000,12,123388,616,0,0,616,12,117772,5000
728,3,5000,10,123398,616,0,0,616,10,117782,5000
729,3,5000,4,123402,617,1,1,617,3,117785,5000
730,3,5000,28,123430,617,0,0,617,28,117813,5000
731,3,5000,16,123446,617,0,0,617,16,117829,5000
732,3,5000,10,123456,617,0,0,617,10,117839,5000
733,3,5000,10,123466,617,0,0,617,10,117849,5000
734,3,5000,8,123474,617,0,0,617,8,117857,5000
735,3,5000,12,123486,617,0,0,617,12,117869,5000
736,3,5000,14,123500,617,0,0,617,14,117883,5000
737,3,5000,10,123510,617,0,0,617,10,117893,5000
738,3,5000,10,123520,617,0,0,617,10,117903,5000
739,3,5000,10,123530,617,0,0,617,10,117913,5000
740,3,5000,6,123536,617,0,0,617,6,117919,5000
741,3,5000,22,123558,617,0,0,617,22,117941,5000
742,3,5000,14,123572,617,0,0,617,14,117955,5000
743,3,5000,8,123580,617,0,0,617,8,117963,5000
595,1,10000,5434,5434,27,27,27,27,0,0,5407
596,1,10000,9319,14753,73,46,46,73,4680,4680,10000
597,1,10000,2486,17239,86,13,13,86,2473,7153,10000
598,1,10000,934,18173,90,4,4,90,930,8083,10000
599,1,10000,1816,19989,99,9,9,99,1807,9890,10000
600,1,10000,18,20007,100,1,1,100,17,9907,10000
601,1,10000,865,20872,104,4,4,104,861,10768,10000
602,1,10000,8,20880,104,0,0,104,8,10776,10000
603,1,10000,12,20892,104,0,0,104,12,10788,10000
604,1,10000,8,20900,104,0,0,104,8,10796,10000
605,1,10000,16,20916,104,0,0,104,16,10812,10000
606,1,10000,14,20930,104,0,0,104,14,10826,10000
607,1,10000,8,20938,104,0,0,104,8,10834,10000
608,1,10000,1082,22020,110,6,6,110,1076,11910,10000
609,1,10000,8,22028,110,0,0,110,8,11918,10000
610,1,10000,1199,23227,116,6,6,116,1193,13111,10000
611,1,10000,14,23241,116,0,0,116,14,13125,10000
612,1,10000,2677,25918,129,13,13,129,2664,15789,10000
613,1,10000,45,25963,129,0,0,129,45,15834,10000
614,1,10000,1278,27241,136,7,7,136,1271,17105,10000
615,1,10000,8,27249,136,0,0,136,8,17113,10000
616,1,10000,6,27255,136,0,0,136,6,17119,10000
617,1,10000,2680,29935,149,13,13,149,2667,19786,10000
618,1,10000,8,29943,149,0,0,149,8,19794,10000
619,1,10000,2800,32743,163,14,14,163,2786,22580,10000
620,1,10000,8,32751,163,0,0,163,8,22588,10000
621,1,10000,1121,33872,169,6,6,169,1115,23703,10000
622,1,10000,4,33876,169,0,0,169,4,23707,10000
623,1,10000,6,33882,169,0,0,169,6,23713,10000
624,1,10000,10,33892,169,0,0,169,10,23723,10000
625,1,10000,24,33916,169,0,0,169,24,23747,10000
626,1,10000,6,33922,169,0,0,169,6,23753,10000
627,1,10000,4,33926,169,0,0,169,4,23757,10000
628,1,10000,6,33932,169,0,0,169,6,23763,10000
629,1,10000,20,33952,169,0,0,169,20,23783,10000
630,1,10000,150,34102,170,1,1,170,149,23932,10000
631,1,10000,12,34114,170,0,0,170,12,23944,10000
632,1,10000,8,34122,170,0,0,170,8,23952,10000
633,1,10000,8,34130,170,0,0,170,8,23960,10000
634,1,10000,10,34140,170,0,0,170,10,23970,10000
635,1,10000,16,34156,170,0,0,170,16,23986,10000
636,1,10000,12,34168,170,0,0,170,12,23998,10000
637,1,10000,3390,37558,187,17,17,187,3373,27371,10000
638,1,10000,14,37572,187,0,0,187,14,27385,10000
639,1,10000,14,37586,187,0,0,187,14,27399,10000
640,1,10000,1398,38984,194,7,7,194,1391,28790,10000
641,1,10000,10,38994,194,0,0,194,10,28800,10000
642,1,10000,1141,40135,200,6,6,200,1135,29935,10000
643,1,10000,14,40149,200,0,0,200,14,29949,10000
644,1,10000,2267,42416,212,12,12,212,2255,32204,10000
645,2,10000,10,42426,212,0,0,212,10,32214,10000
646,2,10000,20,42446,212,0,0,212,20,32234,10000
647,2,10000,10,42456,212,0,0,212,10,32244,10000
648,2,10000,14,42470,212,0,0,212,14,32258,10000
649,2,10000,263,42733,213,1,1,213,262,32520,10000
650,2,10000,16,42749,213,0,0,213,16,32536,10000
651,2,10000,10,42759,213,0,0,213,10,32546,10000
652,2,10000,14,42773,213,0,0,213,14,32560,10000
653,2,10000,8,42781,213,0,0,213,8,32568,10000
654,2,10000,8,42789,213,0,0,213,8,32576,10000
655,2,10000,4,42793,213,0,0,213,4,32580,10000
656,2,10000,1965,44758,223,10,10,223,1955,34535,10000
657,2,10000,10,44768,223,0,0,223,10,34545,10000
658,2,10000,14,44782,223,0,0,223,14,34559,10000
659,2,10000,2500,47282,236,13,13,236,2487,37046,10000
660,2,10000,12,47294,236,0,0,236,12,37058,10000
661,2,10000,4877,52171,260,24,24,260,4853,41911,10000
662,2,10000,2,52173,260,0,0,260,2,41913,10000
663,2,10000,10,52183,260,0,0,260,10,41923,10000
664,2,10000,1125,53308,266,6,6,266,1119,43042,10000
665,2,10000,10,53318,266,0,0,266,10,43052,10000
666,2,10000,6,53324,266,0,0,266,6,43058,10000
667,2,10000,1400,54724,273,7,7,273,1393,44451,10000
668,2,10000,8,54732,273,0,0,273,8,44459,10000
669,2,10000,322,55054,275,2,2,275,320,44779,10000
670,2,10000,1906,56960,284,9,9,284,1897,46676,10000
671,2,10000,18,56978,284,0,0,284,18,46694,10000
672,2,10000,153,57131,285,1,1,285,152,46846,10000
673,2,10000,445,57576,287,2,2,287,443,47289,10000
674,2,10000,14,57590,287,0,0,287,14,47303,10000
675,2,10000,30,57620,288,1,1,288,29,47332,10000
676,2,10000,8,57628,288,0,0,288,8,47340,10000
677,2,10000,8,57636,288,0,0,288,8,47348,10000
678,2,10000,6,57642,288,0,0,288,6,47354,10000
679,2,10000,72,57714,288,0,0,288,72,47426,10000
680,2,10000,22,57736,288,0,0,288,22,47448,10000
681,2,10000,4703,62439,312,24,24,312,4679,52127,10000
682,2,10000,6,62445,312,0,0,312,6,52133,10000
683,2,10000,2192,64637,323,11,11,323,2181,54314,10000
684,2,10000,4562,69199,345,22,22,345,4540,58854,10000
685,2,10000,14,69213,346,1,1,346,13,58867,10000
686,2,10000,4689,73902,369,23,23,369,4666,63533,10000
687,2,10000,8040,81942,409,40,40,409,8000,71533,10000
688,2,10000,7885,89827,449,40,40,449,7845,79378,10000
689,2,10000,14,89841,449,0,0,449,14,79392,10000
690,2,10000,4972,94813,474,25,25,474,4947,84339,10000
691,2,10000,4809,99622,498,24,24,498,4785,89124,10000
692,2,10000,6898,106520,532,34,34,532,6864,95988,10000
693,2,10000,4,106524,532,0,0,532,4,95992,10000
694,2,10000,2664,109188,545,13,13,545,2651,98643,10000
695,3,10000,2827,112015,560,15,15,560,2812,101455,10000
696,3,10000,6,112021,560,0,0,560,6,101461,10000
697,3,10000,12,112033,560,0,0,560,12,101473,10000
698,3,10000,65,112098,560,0,0,560,65,101538,10000
699,3,10000,55,112153,560,0,0,560,55,101593,10000
700,3,10000,6,112159,560,0,0,560,6,101599,10000
701,3,10000,18,112177,560,0,0,560,18,101617,10000
702,3,10000,14,112191,560,0,0,560,14,101631,10000
703,3,10000,8,112199,560,0,0,560,8,101639,10000
704,3,10000,16,112215,561,1,1,561,15,101654,10000
705,3,10000,2362,114577,572,11,11,572,2351,104005,10000
706,3,10000,4,114581,572,0,0,572,4,104009,10000
707,3,10000,309,114890,574,2,2,574,307,104316,10000
708,3,10000,4,114894,574,0,0,574,4,104320,10000
709,3,10000,2313,117207,586,12,12,586,2301,106621,10000
710,3,10000,1788,118995,594,8,8,594,1780,108401,10000
711,3,10000,8,119003,595,1,1,595,7,108408,10000
712,3,10000,23,119026,595,0,0,595,23,108431,10000
713,3,10000,8,119034,595,0,0,595,8,108439,10000
714,3,10000,681,119715,598,3,3,598,678,109117,10000
715,3,10000,1879,121594,607,9,9,607,1870,110987,10000
716,3,10000,140,121734,608,1,1,608,139,111126,10000
717,3,10000,632,122366,611,3,3,611,629,111755,10000
718,3,10000,918,123284,616,5,5,616,913,112668,10000
719,3,10000,14,123298,616,0,0,616,14,112682,10000
720,3,10000,10,123308,616,0,0,616,10,112692,10000
721,3,10000,4,123312,616,0,0,616,4,112696,10000
722,3,10000,10,123322,616,0,0,616,10,112706,10000
723,3,10000,14,123336,616,0,0,616,14,112720,10000
724,3,10000,14,123350,616,0,0,616,14,112734,10000
725,3,10000,4,123354,616,0,0,616,4,112738,10000
726,3,10000,22,123376,616,0,0,616,22,112760,10000
727,3,10000,12,123388,616,0,0,616,12,112772,10000
728,3,10000,10,123398,616,0,0,616,10,112782,10000
729,3,10000,4,123402,617,1,1,617,3,112785,10000
730,3,10000,28,123430,617,0,0,617,28,112813,10000
731,3,10000,16,123446,617,0,0,617,16,112829,10000
732,3,10000,10,123456,617,0,0,617,10,112839,10000
733,3,10000,10,123466,617,0,0,617,10,112849,10000
734,3,10000,8,123474,617,0,0,617,8,112857,10000
735,3,10000,12,123486,617,0,0,617,12,112869,10000
736,3,10000,14,123500,617,0,0,617,14,112883,10000
737,3,10000,10,123510,617,0,0,617,10,112893,10000
738,3,10000,10,123520,617,0,0,617,10,112903,10000
739,3,10000,10,123530,617,0,0,617,10,112913,10000
740,3,10000,6,123536,617,0,0,617,6,112919,10000
741,3,10000,22,123558,617,0,0,617,22,112941,10000
742,3,10000,14,123572,617,0,0,617,14,112955,10000
743,3,10000,8,123580,617,0,0,617,8,112963,10000
595,1,25000,5434,5434,27,27,27,27,0,0,5407
596,1,25000,9319,14753,73,46,46,73,0,0,14680
597,1,25000,2486,17239,86,13,13,86,0,0,17153
598,1,25000,934,18173,90,4,4,90,0,0,18083
599,1,25000,1816,19989,99,9,9,99,0,0,19890
600,1,25000,18,20007,100,1,1,100,0,0,19907
601,1,25000,865,20872,104,4,4,104,0,0,20768
602,1,25000,8,20880,104,0,0,104,0,0,20776
603,1,25000,12,20892,104,0,0,104,0,0,20788
604,1,25000,8,20900,104,0,0,104,0,0,20796
605,1,25000,16,20916,104,0,0,104,0,0,20812
606,1,25000,14,20930,104,0,0,104,0,0,20826
607,1,25000,8,20938,104,0,0,104,0,0,20834
608,1,25000,1082,22020,110,6,6,110,0,0,21910
609,1,25000,8,22028,110,0,0,110,0,0,21918
610,1,25000,1199,23227,116,6,6,116,0,0,23111
611,1,25000,14,23241,116,0,0,116,0,0,23125
612,1,25000,2677,25918,129,13,13,129,789,789,25000
613,1,25000,45,25963,129,0,0,129,45,834,25000
614,1,25000,1278,27241,136,7,7,136,1271,2105,25000
615,1,25000,8,27249,136,0,0,136,8,2113,25000
616,1,25000,6,27255,136,0,0,136,6,2119,25000
617,1,25000,2680,29935,149,13,13,149,2667,4786,25000
618,1,25000,8,29943,149,0,0,149,8,4794,25000
619,1,25000,2800,32743,163,14,14,163,2786,7580,25000
620,1,25000,8,32751,163,0,0,163,8,7588,25000
621,1,25000,1121,33872,169,6,6,169,1115,8703,25000
622,1,25000,4,33876,169,0,0,169,4,8707,25000
623,1,25000,6,33882,169,0,0,169,6,8713,25000
624,1,25000,10,33892,169,0,0,169,10,8723,25000
625,1,25000,24,33916,169,0,0,169,24,8747,25000
626,1,25000,6,33922,169,0,0,169,6,8753,25000
627,1,25000,4,33926,169,0,0,169,4,8757,25000
628,1,25000,6,33932,169,0,0,169,6,8763,25000
629,1,25000,20,33952,169,0,0,169,20,8783,25000
630,1,25000,150,34102,170,1,1,170,149,8932,25000
631,1,25000,12,34114,170,0,0,170,12,8944,25000
632,1,25000,8,34122,170,0,0,170,8,8952,25000
633,1,25000,8,34130,170,0,0,170,8,8960,25000
634,1,25000,10,34140,170,0,0,170,10,8970,25000
635,1,25000,16,34156,170,0,0,170,16,8986,25000
636,1,25000,12,34168,170,0,0,170,12,8998,25000
637,1,25000,3390,37558,187,17,17,187,3373,12371,25000
638,1,25000,14,37572,187,0,0,187,14,12385,25000
639,1,25000,14,37586,187,0,0,187,14,12399,25000
640,1,25000,1398,38984,194,7,7,194,1391,13790,25000
641,1,25000,10,38994,194,0,0,194,10,13800,25000
642,1,25000,1141,40135,200,6,6,200,1135,14935,25000
643,1,25000,14,40149,200,0,0,200,14,14949,25000
644,1,25000,2267,42416,212,12,12,212,2255,17204,25000
645,2,25000,10,42426,212,0,0,212,10,17214,25000
646,2,25000,20,42446,212,0,0,212,20,17234,25000
647,2,25000,10,42456,212,0,0,212,10,17244,25000
648,2,25000,14,42470,212,0,0,212,14,17258,25000
649,2,25000,263,42733,213,1,1,213,262,17520,25000
650,2,25000,16,42749,213,0,0,213,16,17536,25000
651,2,25000,10,42759,213,0,0,213,10,17546,25000
652,2,25000,14,42773,213,0,0,213,14,17560,25000
653,2,25000,8,42781,213,0,0,213,8,17568,25000
654,2,25000,8,42789,213,0,0,213,8,17576,25000
655,2,25000,4,42793,213,0,0,213,4,17580,25000
656,2,25000,1965,44758,223,10,10,223,1955,19535,25000
657,2,25000,10,44768,223,0,0,223,10,19545,25000
658,2,25000,14,44782,223,0,0,223,14,19559,25000
659,2,25000,2500,47282,236,13,13,236,2487,22046,25000
660,2,25000,12,47294,236,0,0,236,12,22058,25000
661,2,25000,4877,52171,260,24,24,260,4853,26911,25000
662,2,25000,2,52173,260,0,0,260,2,26913,25000
663,2,25000,10,52183,260,0,0,260,10,26923,25000
664,2,25000,1125,53308,266,6,6,266,1119,28042,25000
665,2,25000,10,53318,266,0,0,266,10,28052,25000
666,2,25000,6,53324,266,0,0,266,6,28058,25000
667,2,25000,1400,54724,273,7,7,273,1393,29451,25000
668,2,25000,8,54732,273,0,0,273,8,29459,25000
669,2,25000,322,55054,275,2,2,275,320,29779,25000
670,2,25000,1906,56960,284,9,9,284,1897,31676,25000
671,2,25000,18,56978,284,0,0,284,18,31694,25000
672,2,25000,153,57131,285,1,1,285,152,31846,25000
673,2,25000,445,57576,287,2,2,287,443,32289,25000
674,2,25000,14,57590,287,0,0,287,14,32303,25000
675,2,25000,30,57620,288,1,1,288,29,32332,25000
676,2,25000,8,57628,288,0,0,288,8,32340,25000
677,2,25000,8,57636,288,0,0,288,8,32348,25000
678,2,25000,6,57642,288,0,0,288,6,32354,25000
679,2,25000,72,57714,288,0,0,288,72,32426,25000
680,2,25000,22,57736,288,0,0,288,22,32448,25000
681,2,25000,4703,62439,312,24,24,312,4679,37127,25000
682,2,25000,6,62445,312,0,0,312,6,37133,25000
683,2,25000,2192,64637,323,11,11,323,2181,39314,25000
684,2,25000,4562,69199,345,22,22,345,4540,43854,25000
685,2,25000,14,69213,346,1,1,346,13,43867,25000
686,2,25000,4689,73902,369,23,23,369,4666,48533,25000
687,2,25000,8040,81942,409,40,40,409,8000,56533,25000
688,2,25000,7885,89827,449,40,40,449,7845,64378,25000
689,2,25000,14,89841,449,0,0,449,14,64392,25000
690,2,25000,4972,94813,474,25,25,474,4947,69339,25000
691,2,25000,4809,99622,498,24,24,498,4785,74124,25000
692,2,25000,6898,106520,532,34,34,532,6864,80988,25000
693,2,25000,4,106524,532,0,0,532,4,80992,25000
694,2,25000,2664,109188,545,13,13,545,2651,83643,25000
695,3,25000,2827,112015,560,15,15,560,2812,86455,25000
696,3,25000,6,112021,560,0,0,560,6,86461,25000
697,3,25000,12,112033,560,0,0,560,12,86473,25000
698,3,25000,65,112098,560,0,0,560,65,86538,25000
699,3,25000,55,112153,560,0,0,560,55,86593,25000
700,3,25000,6,112159,560,0,0,560,6,86599,25000
701,3,25000,18,112177,560,0,0,560,18,86617,25000
702,3,25000,14,112191,560,0,0,560,14,86631,25000
703,3,25000,8,112199,560,0,0,560,8,86639,25000
704,3,25000,16,112215,561,1,1,561,15,86654,25000
705,3,25000,2362,114577,572,11,11,572,2351,89005,25000
706,3,25000,4,114581,572,0,0,572,4,89009,25000
707,3,25000,309,114890,574,2,2,574,307,89316,25000
708,3,25000,4,114894,574,0,0,574,4,89320,25000
709,3,25000,2313,117207,586,12,12,586,2301,91621,25000
710,3,25000,1788,118995,594,8,8,594,1780,93401,25000
711,3,25000,8,119003,595,1,1,595,7,93408,25000
712,3,25000,23,119026,595,0,0,595,23,93431,25000
713,3,25000,8,119034,595,0,0,595,8,93439,25000
714,3,25000,681,119715,598,3,3,598,678,94117,25000
715,3,25000,1879,121594,607,9,9,607,1870,95987,25000
716,3,25000,140,121734,608,1,1,608,139,96126,25000
717,3,25000,632,122366,611,3,3,611,629,96755,25000
718,3,25000,918,123284,616,5,5,616,913,97668,25000
719,3,25000,14,123298,616,0,0,616,14,97682,25000
720,3,25000,10,123308,616,0,0,616,10,97692,25000
721,3,25000,4,123312,616,0,0,616,4,97696,25000
722,3,25000,10,123322,616,0,0,616,10,97706,25000
723,3,25000,14,123336,616,0,0,616,14,97720,25000
724,3,25000,14,123350,616,0,0,616,14,97734,25000
725,3,25000,4,123354,616,0,0,616,4,97738,25000
726,3,25000,22,123376,616,0,0,616,22,97760,25000
727,3,25000,12,123388,616,0,0,616,12,97772,25000
728,3,25000,10,123398,616,0,0,616,10,97782,25000
729,3,25000,4,123402,617,1,1,617,3,97785,25000
730,3,25000,28,123430,617,0,0,617,28,97813,25000
731,3,25000,16,123446,617,0,0,617,16,97829,25000
732,3,25000,10,123456,617,0,0,617,10,97839,25000
733,3,25000,10,123466,617,0,0,617,10,97849,25000
734,3,25000,8,123474,617,0,0,617,8,97857,25000
735,3,25000,12,123486,617,0,0,617,12,97869,25000
736,3,25000,14,123500,617,0,0,617,14,97883,25000
737,3,25000,10,123510,617,0,0,617,10,97893,25000
738,3,25000,10,123520,617,0,0,617,10,97903,25000
739,3,25000,10,123530,617,0,0,617,10,97913,25000
740,3,25000,6,123536,617,0,0,617,6,97919,25000
741,3,25000,22,123558,617,0,0,617,22,97941,25000
742,3,25000,14,123572,617,0,0,617,14,97955,25000
743,3,25000,8,123580,617,0,0,617,8,97963,25000
595,1,50000,5434,5434,27,27,27,27,0,0,5407
596,1,50000,9319,14753,73,46,46,73,0,0,14680
597,1,50000,2486,17239,86,13,13,86,0,0,17153
598,1,50000,934,18173,90,4,4,90,0,0,18083
599,1,50000,1816,19989,99,9,9,99,0,0,19890
600,1,50000,18,20007,100,1,1,100,0,0,19907
601,1,50000,865,20872,104,4,4,104,0,0,20768
602,1,50000,8,20880,104,0,0,104,0,0,20776
603,1,50000,12,20892,104,0,0,104,0,0,20788
604,1,50000,8,20900,104,0,0,104,0,0,20796
605,1,50000,16,20916,104,0,0,104,0,0,20812
606,1,50000,14,20930,104,0,0,104,0,0,20826
607,1,50000,8,20938,104,0,0,104,0,0,20834
608,1,50000,1082,22020,110,6,6,110,0,0,21910
609,1,50000,8,22028,110,0,0,110,0,0,21918
610,1,50000,1199,23227,116,6,6,116,0,0,23111
611,1,50000,14,23241,116,0,0,116,0,0,23125
612,1,50000,2677,25918,129,13,13,129,0,0,25789
613,1,50000,45,25963,129,0,0,129,0,0,25834
614,1,50000,1278,27241,136,7,7,136,0,0,27105
615,1,50000,8,27249,136,0,0,136,0,0,27113
616,1,50000,6,27255,136,0,0,136,0,0,27119
617,1,50000,2680,29935,149,13,13,149,0,0,29786
618,1,50000,8,29943,149,0,0,149,0,0,29794
619,1,50000,2800,32743,163,14,14,163,0,0,32580
620,1,50000,8,32751,163,0,0,163,0,0,32588
621,1,50000,1121,33872,169,6,6,169,0,0,33703
622,1,50000,4,33876,169,0,0,169,0,0,33707
623,1,50000,6,33882,169,0,0,169,0,0,33713
624,1,50000,10,33892,169,0,0,169,0,0,33723
625,1,50000,24,33916,169,0,0,169,0,0,33747
626,1,50000,6,33922,169,0,0,169,0,0,33753
627,1,50000,4,33926,169,0,0,169,0,0,33757
628,1,50000,6,33932,169,0,0,169,0,0,33763
629,1,50000,20,33952,169,0,0,169,0,0,33783
630,1,50000,150,34102,170,1,1,170,0,0,33932
631,1,50000,12,34114,170,0,0,170,0,0,33944
632,1,50000,8,34122,170,0,0,170,0,0,33952
633,1,50000,8,34130,170,0,0,170,0,0,33960
634,1,50000,10,34140,170,0,0,170,0,0,33970
635,1,50000,16,34156,170,0,0,170,0,0,33986
636,1,50000,12,34168,170,0,0,170,0,0,33998
637,1,50000,3390,37558,187,17,17,187,0,0,37371
638,1,50000,14,37572,187,0,0,187,0,0,37385
639,1,50000,14,37586,187,0,0,187,0,0,37399
640,1,50000,1398,38984,194,7,7,194,0,0,38790
641,1,50000,10,38994,194,0,0,194,0,0,38800
642,1,50000,1141,40135,200,6,6,200,0,0,39935
643,1,50000,14,40149,200,0,0,200,0,0,39949
644,1,50000,2267,42416,212,12,12,212,0,0,42204
645,2,50000,10,42426,212,0,0,212,0,0,42214
646,2,50000,20,42446,212,0,0,212,0,0,42234
647,2,50000,10,42456,212,0,0,212,0,0,42244
648,2,50000,14,42470,212,0,0,212,0,0,42258
649,2,50000,263,42733,213,1,1,213,0,0,42520
650,2,50000,16,42749,213,0,0,213,0,0,42536
651,2,50000,10,42759,213,0,0,213,0,0,42546
652,2,50000,14,42773,213,0,0,213,0,0,42560
653,2,50000,8,42781,213,0,0,213,0,0,42568
654,2,50000,8,42789,213,0,0,213,0,0,42576
655,2,50000,4,42793,213,0,0,213,0,0,42580
656,2,50000,1965,44758,223,10,10,223,0,0,44535
657,2,50000,10,44768,223,0,0,223,0,0,44545
658,2,50000,14,44782,223,0,0,223,0,0,44559
659,2,50000,2500,47282,236,13,13,236,0,0,47046
660,2,50000,12,47294,236,0,0,236,0,0,47058
661,2,50000,4877,52171,260,24,24,260,1911,1911,50000
662,2,50000,2,52173,260,0,0,260,2,1913,50000
663,2,50000,10,52183,260,0,0,260,10,1923,50000
664,2,50000,1125,53308,266,6,6,266,1119,3042,50000
665,2,50000,10,53318,266,0,0,266,10,3052,50000
666,2,50000,6,53324,266,0,0,266,6,3058,50000
667,2,50000,1400,54724,273,7,7,273,1393,4451,50000
668,2,50000,8,54732,273,0,0,273,8,4459,50000
669,2,50000,322,55054,275,2,2,275,320,4779,50000
670,2,50000,1906,56960,284,9,9,284,1897,6676,50000
671,2,50000,18,56978,284,0,0,284,18,6694,50000
672,2,50000,153,57131,285,1,1,285,152,6846,50000
673,2,50000,445,57576,287,2,2,287,443,7289,50000
674,2,50000,14,57590,287,0,0,287,14,7303,50000
675,2,50000,30,57620,288,1,1,288,29,7332,50000
676,2,50000,8,57628,288,0,0,288,8,7340,50000
677,2,50000,8,57636,288,0,0,288,8,7348,50000
678,2,50000,6,57642,288,0,0,288,6,7354,50000
679,2,50000,72,57714,288,0,0,288,72,7426,50000
680,2,50000,22,57736,288,0,0,288,22,7448,50000
681,2,50000,4703,62439,312,24,24,312,4679,12127,50000
682,2,50000,6,62445,312,0,0,312,6,12133,50000
683,2,50000,2192,64637,323,11,11,323,2181,14314,50000
684,2,50000,4562,69199,345,22,22,345,4540,18854,50000
685,2,50000,14,69213,346,1,1,346,13,18867,50000
686,2,50000,4689,73902,369,23,23,369,4666,23533,50000
687,2,50000,8040,81942,409,40,40,409,8000,31533,50000
688,2,50000,7885,89827,449,40,40,449,7845,39378,50000
689,2,50000,14,89841,449,0,0,449,14,39392,50000
690,2,50000,4972,94813,474,25,25,474,4947,44339,50000
691,2,50000,4809,99622,498,24,24,498,4785,49124,50000
692,2,50000,6898,106520,532,34,34,532,6864,55988,50000
693,2,50000,4,106524,532,0,0,532,4,55992,50000
694,2,50000,2664,109188,545,13,13,545,2651,58643,50000
695,3,50000,2827,112015,560,15,15,560,2812,61455,50000
696,3,50000,6,112021,560,0,0,560,6,61461,50000
697,3,50000,12,112033,560,0,0,560,12,61473,50000
698,3,50000,65,112098,560,0,0,560,65,61538,50000
699,3,50000,55,112153,560,0,0,560,55,61593,50000
700,3,50000,6,112159,560,0,0,560,6,61599,50000
701,3,50000,18,112177,560,0,0,560,18,61617,50000
702,3,50000,14,112191,560,0,0,560,14,61631,50000
703,3,50000,8,112199,560,0,0,560,8,61639,50000
704,3,50000,16,112215,561,1,1,561,15,61654,50000
705,3,50000,2362,114577,572,11,11,572,2351,64005,50000
706,3,50000,4,114581,572,0,0,572,4,64009,50000
707,3,50000,309,114890,574,2,2,574,307,64316,50000
708,3,50000,4,114894,574,0,0,574,4,64320,50000
709,3,50000,2313,117207,586,12,12,586,2301,66621,50000
710,3,50000,1788,118995,594,8,8,594,1780,68401,50000
711,3,50000,8,119003,595,1,1,595,7,68408,50000
712,3,50000,23,119026,595,0,0,595,23,68431,50000
713,3,50000,8,119034,595,0,0,595,8,68439,50000
714,3,50000,681,119715,598,3,3,598,678,69117,50000
715,3,50000,1879,121594,607,9,9,607,1870,70987,50000
716,3,50000,140,121734,608,1,1,608,139,71126,50000
717,3,50000,632,122366,611,3,3,611,629,71755,50000
718,3,50000,918,123284,616,5,5,616,913,72668,50000
719,3,50000,14,123298,616,0,0,616,14,72682,50000
720,3,50000,10,123308,616,0,0,616,10,72692,50000
721,3,50000,4,123312,616,0,0,616,4,72696,50000
722,3,50000,10,123322,616,0,0,616,10,72706,50000
723,3,50000,14,123336,616,0,0,616,14,72720,50000
724,3,50000,14,123350,616,0,0,616,14,72734,50000
725,3,50000,4,123354,616,0,0,616,4,72738,50000
726,3,50000,22,123376,616,0,0,616,22,72760,50000
727,3,50000,12,123388,616,0,0,616,12,72772,50000
728,3,50000,10,123398,616,0,0,616,10,72782,50000
729,3,50000,4,123402,617,1,1,617,3,72785,50000
730,3,50000,28,123430,617,0,0,617,28,72813,50000
731,3,50000,16,123446,617,0,0,617,16,72829,50000
732,3,50000,10,123456,617,0,0,617,10,72839,50000
733,3,50000,10,123466,617,0,0,617,10,72849,50000
734,3,50000,8,123474,617,0,0,617,8,72857,50000
735,3,50000,12,123486,617,0,0,617,12,72869,50000
736,3,50000,14,123500,617,0,0,617,14,72883,50000
737,3,50000,10,123510,617,0,0,617,10,72893,50000
738,3,50000,10,123520,617,0,0,617,10,72903,50000
739,3,50000,10,123530,617,0,0,617,10,72913,50000
740,3,50000,6,123536,617,0,0,617,6,72919,50000
741,3,50000,22,123558,617,0,0,617,22,72941,50000
742,3,50000,14,123572,617,0,0,617,14,72955,50000
743,3,50000,8,123580,617,0,0,617,8,72963,50000
595,1,100000,5434,5434,27,27,27,27,0,0,5407
596,1,100000,9319,14753,73,46,46,73,0,0,14680
597,1,100000,2486,17239,86,13,13,86,0,0,17153
598,1,100000,934,18173,90,4,4,90,0,0,18083
599,1,100000,1816,19989,99,9,9,99,0,0,19890
600,1,100000,18,20007,100,1,1,100,0,0,19907
601,1,100000,865,20872,104,4,4,104,0,0,20768
602,1,100000,8,20880,104,0,0,104,0,0,20776
603,1,100000,12,20892,104,0,0,104,0,0,20788
604,1,100000,8,20900,104,0,0,104,0,0,20796
605,1,100000,16,20916,104,0,0,104,0,0,20812
606,1,100000,14,20930,104,0,0,104,0,0,20826
607,1,100000,8,20938,104,0,0,104,0,0,20834
608,1,100000,1082,22020,110,6,6,110,0,0,21910
609,1,100000,8,22028,110,0,0,110,0,0,21918
610,1,100000,1199,23227,116,6,6,116,0,0,23111
611,1,100000,14,23241,116,0,0,116,0,0,23125
612,1,100000,2677,25918,129,13,13,129,0,0,25789
613,1,100000,45,25963,129,0,0,129,0,0,25834
614,1,100000,1278,27241,136,7,7,136,0,0,27105
615,1,100000,8,27249,136,0,0,136,0,0,27113
616,1,100000,6,27255,136,0,0,136,0,0,27119
617,1,100000,2680,29935,149,13,13,149,0,0,29786
618,1,100000,8,29943,149,0,0,149,0,0,29794
619,1,100000,2800,32743,163,14,14,163,0,0,32580
620,1,100000,8,32751,163,0,0,163,0,0,32588
621,1,100000,1121,33872,169,6,6,169,0,0,33703
622,1,100000,4,33876,169,0,0,169,0,0,33707
623,1,100000,6,33882,169,0,0,169,0,0,33713
624,1,100000,10,33892,169,0,0,169,0,0,33723
625,1,100000,24,33916,169,0,0,169,0,0,33747
626,1,100000,6,33922,169,0,0,169,0,0,33753
627,1,100000,4,33926,169,0,0,169,0,0,33757
628,1,100000,6,33932,169,0,0,169,0,0,33763
629,1,100000,20,33952,169,0,0,169,0,0,33783
630,1,100000,150,34102,170,1,1,170,0,0,33932
631,1,100000,12,34114,170,0,0,170,0,0,33944
632,1,100000,8,34122,170,0,0,170,0,0,33952
633,1,100000,8,34130,170,0,0,170,0,0,33960
634,1,100000,10,34140,170,0,0,170,0,0,33970
635,1,100000,16,34156,170,0,0,170,0,0,33986
636,1,100000,12,34168,170,0,0,170,0,0,33998
637,1,100000,3390,37558,187,17,17,187,0,0,37371
638,1,100000,14,37572,187,0,0,187,0,0,37385
639,1,100000,14,37586,187,0,0,187,0,0,37399
640,1,100000,1398,38984,194,7,7,194,0,0,38790
641,1,100000,10,38994,194,0,0,194,0,0,38800
642,1,100000,1141,40135,200,6,6,200,0,0,39935
643,1,100000,14,40149,200,0,0,200,0,0,39949
644,1,100000,2267,42416,212,12,12,212,0,0,42204
645,2,100000,10,42426,212,0,0,212,0,0,42214
646,2,100000,20,42446,212,0,0,212,0,0,42234
647,2,100000,10,42456,212,0,0,212,0,0,42244
648,2,100000,14,42470,212,0,0,212,0,0,42258
649,2,100000,263,42733,213,1,1,213,0,0,42520
650,2,100000,16,42749,213,0,0,213,0,0,42536
651,2,100000,10,42759,213,0,0,213,0,0,42546
652,2,100000,14,42773,213,0,0,213,0,0,42560
653,2,100000,8,42781,213,0,0,213,0,0,42568
654,2,100000,8,42789,213,0,0,213,0,0,42576
655,2,100000,4,42793,213,0,0,213,0,0,42580
656,2,100000,1965,44758,223,10,10,223,0,0,44535
657,2,100000,10,44768,223,0,0,223,0,0,44545
658,2,100000,14,44782,223,0,0,223,0,0,44559
659,2,100000,2500,47282,236,13,13,236,0,0,47046
660,2,100000,12,47294,236,0,0,236,0,0,47058
661,2,100000,4877,52171,260,24,24,260,0,0,51911
662,2,100000,2,52173,260,0,0,260,0,0,51913
663,2,100000,10,52183,260,0,0,260,0,0,51923
664,2,100000,1125,53308,266,6,6,266,0,0,53042
665,2,100000,10,53318,266,0,0,266,0,0,53052
666,2,100000,6,53324,266,0,0,266,0,0,53058
667,2,100000,1400,54724,273,7,7,273,0,0,54451
668,2,100000,8,54732,273,0,0,273,0,0,54459
669,2,100000,322,55054,275,2,2,275,0,0,54779
670,2,100000,1906,56960,284,9,9,284,0,0,56676
671,2,100000,18,56978,284,0,0,284,0,0,56694
672,2,100000,153,57131,285,1,1,285,0,0,56846
673,2,100000,445,57576,287,2,2,287,0,0,57289
674,2,100000,14,57590,287,0,0,287,0,0,57303
675,2,100000,30,57620,288,1,1,288,0,0,57332
676,2,100000,8,57628,288,0,0,288,0,0,57340
677,2,100000,8,57636,288,0,0,288,0,0,57348
678,2,100000,6,57642,288,0,0,288,0,0,57354
679,2,100000,72,57714,288,0,0,288,0,0,57426
680,2,100000,22,57736,288,0,0,288,0,0,57448
681,2,100000,4703,62439,312,24,24,312,0,0,62127
682,2,100000,6,62445,312,0,0,312,0,0,62133
683,2,100000,2192,64637,323,11,11,323,0,0,64314
684,2,100000,4562,69199,345,22,22,345,0,0,68854
685,2,100000,14,69213,346,1,1,346,0,0,68867
686,2,100000,4689,73902,369,23,23,369,0,0,73533
687,2,100000,8040,81942,409,40,40,409,0,0,81533
688,2,100000,7885,89827,449,40,40,449,0,0,89378
689,2,100000,14,89841,449,0,0,449,0,0,89392
690,2,100000,4972,94813,474,25,25,474,0,0,94339
691,2,100000,4809,99622,498,24,24,498,0,0,99124
692,2,100000,6898,106520,532,34,34,532,5988,5988,100000
693,2,100000,4,106524,532,0,0,532,4,5992,100000
694,2,100000,2664,109188,545,13,13,545,2651,8643,100000
695,3,100000,2827,112015,560,15,15,560,2812,11455,100000
696,3,100000,6,112021,560,0,0,560,6,11461,100000
697,3,100000,12,112033,560,0,0,560,12,11473,100000
698,3,100000,65,112098,560,0,0,560,65,11538,100000
699,3,100000,55,112153,560,0,0,560,55,11593,100000
700,3,100000,6,112159,560,0,0,560,6,11599,100000
701,3,100000,18,112177,560,0,0,560,18,11617,100000
702,3,100000,14,112191,560,0,0,560,14,11631,100000
703,3,100000,8,112199,560,0,0,560,8,11639,100000
704,3,100000,16,112215,561,1,1,561,15,11654,100000
705,3,100000,2362,114577,572,11,11,572,2351,14005,100000
706,3,100000,4,114581,572,0,0,572,4,14009,100000
707,3,100000,309,114890,574,2,2,574,307,14316,100000
708,3,100000,4,114894,574,0,0,574,4,14320,100000
709,3,100000,2313,117207,586,12,12,586,2301,16621,100000
710,3,100000,1788,118995,594,8,8,594,1780,18401,100000
711,3,100000,8,119003,595,1,1,595,7,18408,100000
712,3,100000,23,119026,595,0,0,595,23,18431,100000
713,3,100000,8,119034,595,0,0,595,8,18439,100000
714,3,100000,681,119715,598,3,3,598,678,19117,100000
715,3,100000,1879,121594,607,9,9,607,1870,20987,100000
716,3,100000,140,121734,608,1,1,608,139,21126,100000
717,3,100000,632,122366,611,3,3,611,629,21755,100000
718,3,100000,918,123284,616,5,5,616,913,22668,100000
719,3,100000,14,123298,616,0,0,616,14,22682,100000
720,3,100000,10,123308,616,0,0,616,10,22692,100000
721,3,100000,4,123312,616,0,0,616,4,22696,100000
722,3,100000,10,123322,616,0,0,616,10,22706,100000
723,3,100000,14,123336,616,0,0,616,14,22720,100000
724,3,100000,14,123350,616,0,0,616,14,22734,100000
725,3,100000,4,123354,616,0,0,616,4,22738,100000
726,3,100000,22,123376,616,0,0,616,22,22760,100000
727,3,100000,12,123388,616,0,0,616,12,22772,100000
728,3,100000,10,123398,616,0,0,616,10,22782,100000
729,3,100000,4,123402,617,1,1,617,3,22785,100000
730,3,100000,28,123430,617,0,0,617,28,22813,100000
731,3,100000,16,123446,617,0,0,617,16,22829,100000
732,3,100000,10,123456,617,0,0,617,10,22839,100000
733,3,100000,10,123466,617,0,0,617,10,22849,100000
734,3,100000,8,123474,617,0,0,617,8,22857,100000
735,3,100000,12,123486,617,0,0,617,12,22869,100000
736,3,100000,14,123500,617,0,0,617,14,22883,100000
737,3,100000,10,123510,617,0,0,617,10,22893,100000
738,3,100000,10,123520,617,0,0,617,10,22903,100000
739,3,100000,10,123530,617,0,0,617,10,22913,100000
740,3,100000,6,123536,617,0,0,617,6,22919,100000
741,3,100000,22,123558,617,0,0,617,22,22941,100000
742,3,100000,14,123572,617,0,0,617,14,22955,100000
743,3,100000,8,123580,617,0,0,617,8,22963,100000
595,1,infinite,5434,5434,27,27,27,27,0,0,5407
596,1,infinite,9319,14753,73,46,46,73,0,0,14680
597,1,infinite,2486,17239,86,13,13,86,0,0,17153
598,1,infinite,934,18173,90,4,4,90,0,0,18083
599,1,infinite,1816,19989,99,9,9,99,0,0,19890
600,1,infinite,18,20007,100,1,1,100,0,0,19907
601,1,infinite,865,20872,104,4,4,104,0,0,20768
602,1,infinite,8,20880,104,0,0,104,0,0,20776
603,1,infinite,12,20892,104,0,0,104,0,0,20788
604,1,infinite,8,20900,104,0,0,104,0,0,20796
605,1,infinite,16,20916,104,0,0,104,0,0,20812
606,1,infinite,14,20930,104,0,0,104,0,0,20826
607,1,infinite,8,20938,104,0,0,104,0,0,20834
608,1,infinite,1082,22020,110,6,6,110,0,0,21910
609,1,infinite,8,22028,110,0,0,110,0,0,21918
610,1,infinite,1199,23227,116,6,6,116,0,0,23111
611,1,infinite,14,23241,116,0,0,116,0,0,23125
612,1,infinite,2677,25918,129,13,13,129,0,0,25789
613,1,infinite,45,25963,129,0,0,129,0,0,25834
614,1,infinite,1278,27241,136,7,7,136,0,0,27105
615,1,infinite,8,27249,136,0,0,136,0,0,27113
616,1,infinite,6,27255,136,0,0,136,0,0,27119
617,1,infinite,2680,29935,149,13,13,149,0,0,29786
618,1,infinite,8,29943,149,0,0,149,0,0,29794
619,1,infinite,2800,32743,163,14,14,163,0,0,32580
620,1,infinite,8,32751,163,0,0,163,0,0,32588
621,1,infinite,1121,33872,169,6,6,169,0,0,33703
622,1,infinite,4,33876,169,0,0,169,0,0,33707
623,1,infinite,6,33882,169,0,0,169,0,0,33713
624,1,infinite,10,33892,169,0,0,169,0,0,33723
625,1,infinite,24,33916,169,0,0,169,0,0,33747
626,1,infinite,6,33922,169,0,0,169,0,0,33753
627,1,infinite,4,33926,169,0,0,169,0,0,33757
628,1,infinite,6,33932,169,0,0,169,0,0,33763
629,1,infinite,20,33952,169,0,0,169,0,0,33783
630,1,infinite,150,34102,170,1,1,170,0,0,33932
631,1,infinite,12,34114,170,0,0,170,0,0,33944
632,1,infinite,8,34122,170,0,0,170,0,0,33952
633,1,infinite,8,34130,170,0,0,170,0,0,33960
634,1,infinite,10,34140,170,0,0,170,0,0,33970
635,1,infinite,16,34156,170,0,0,170,0,0,33986
636,1,infinite,12,34168,170,0,0,170,0,0,33998
637,1,infinite,3390,37558,187,17,17,187,0,0,37371
638,1,infinite,14,37572,187,0,0,187,0,0,37385
639,1,infinite,14,37586,187,0,0,187,0,0,37399
640,1,infinite,1398,38984,194,7,7,194,0,0,38790
641,1,infinite,10,38994,194,0,0,194,0,0,38800
642,1,infinite,1141,40135,200,6,6,200,0,0,39935
643,1,infinite,14,40149,200,0,0,200,0,0,39949
644,1,infinite,2267,42416,212,12,12,212,0,0,42204
645,2,infinite,10,42426,212,0,0,212,0,0,42214
646,2,infinite,20,42446,212,0,0,212,0,0,42234
647,2,infinite,10,42456,212,0,0,212,0,0,42244
648,2,infinite,14,42470,212,0,0,212,0,0,42258
649,2,infinite,263,42733,213,1,1,213,0,0,42520
650,2,infinite,16,42749,213,0,0,213,0,0,42536
651,2,infinite,10,42759,213,0,0,213,0,0,42546
652,2,infinite,14,42773,213,0,0,213,0,0,42560
653,2,infinite,8,42781,213,0,0,213,0,0,42568
654,2,infinite,8,42789,213,0,0,213,0,0,42576
655,2,infinite,4,42793,213,0,0,213,0,0,42580
656,2,infinite,1965,44758,223,10,10,223,0,0,44535
657,2,infinite,10,44768,223,0,0,223,0,0,44545
658,2,infinite,14,44782,223,0,0,223,0,0,44559
659,2,infinite,2500,47282,236,13,13,236,0,0,47046
660,2,infinite,12,47294,236,0,0,236,0,0,47058
661,2,infinite,4877,52171,260,24,24,260,0,0,51911
662,2,infinite,2,52173,260,0,0,260,0,0,51913
663,2,infinite,10,52183,260,0,0,260,0,0,51923
664,2,infinite,1125,53308,266,6,6,266,0,0,53042
665,2,infinite,10,53318,266,0,0,266,0,0,53052
666,2,infinite,6,53324,266,0,0,266,0,0,53058
667,2,infinite,1400,54724,273,7,7,273,0,0,54451
668,2,infinite,8,54732,273,0,0,273,0,0,54459
669,2,infinite,322,55054,275,2,2,275,0,0,54779
670,2,infinite,1906,56960,284,9,9,284,0,0,56676
671,2,infinite,18,56978,284,0,0,284,0,0,56694
672,2,infinite,153,57131,285,1,1,285,0,0,56846
673,2,infinite,445,57576,287,2,2,287,0,0,57289
674,2,infinite,14,57590,287,0,0,287,0,0,57303
675,2,infinite,30,57620,288,1,1,288,0,0,57332
676,2,infinite,8,57628,288,0,0,288,0,0,57340
677,2,infinite,8,57636,288,0,0,288,0,0,57348
678,2,infinite,6,57642,288,0,0,288,0,0,57354
679,2,infinite,72,57714,288,0,0,288,0,0,57426
680,2,infinite,22,57736,288,0,0,288,0,0,57448
681,2,infinite,4703,62439,312,24,24,312,0,0,62127
682,2,infinite,6,62445,312,0,0,312,0,0,62133
683,2,infinite,2192,64637,323,11,11,323,0,0,64314
684,2,infinite,4562,69199,345,22,22,345,0,0,68854
685,2,infinite,14,69213,346,1,1,346,0,0,68867
686,2,infinite,4689,73902,369,23,23,369,0,0,73533
687,2,infinite,8040,81942,409,40,40,409,0,0,81533
688,2,infinite,7885,89827,449,40,40,449,0,0,89378
689,2,infinite,14,89841,449,0,0,449,0,0,89392
690,2,infinite,4972,94813,474,25,25,474,0,0,94339
691,2,infinite,4809,99622,498,24,24,498,0,0,99124
692,2,infinite,6898,106520,532,34,34,532,0,0,105988
693,2,infinite,4,106524,532,0,0,532,0,0,105992
694,2,infinite,2664,109188,545,13,13,545,0,0,108643
695,3,infinite,2827,112015,560,15,15,560,0,0,111455
696,3,infinite,6,112021,560,0,0,560,0,0,111461
697,3,infinite,12,112033,560,0,0,560,0,0,111473
698,3,infinite,65,112098,560,0,0,560,0,0,111538
699,3,infinite,55,112153,560,0,0,560,0,0,111593
700,3,infinite,6,112159,560,0,0,560,0,0,111599
701,3,infinite,18,112177,560,0,0,560,0,0,111617
702,3,infinite,14,112191,560,0,0,560,0,0,111631
703,3,infinite,8,112199,560,0,0,560,0,0,111639
704,3,infinite,16,112215,561,1,1,561,0,0,111654
705,3,infinite,2362,114577,572,11,11,572,0,0,114005
706,3,infinite,4,114581,572,0,0,572,0,0,114009
707,3,infinite,309,114890,574,2,2,574,0,0,114316
708,3,infinite,4,114894,574,0,0,574,0,0,114320
709,3,infinite,2313,117207,586,12,12,586,0,0,116621
710,3,infinite,1788,118995,594,8,8,594,0,0,118401
711,3,infinite,8,119003,595,1,1,595,0,0,118408
712,3,infinite,23,119026,595,0,0,595,0,0,118431
713,3,infinite,8,119034,595,0,0,595,0,0,118439
714,3,infinite,681,119715,598,3,3,598,0,0,119117
715,3,infinite,1879,121594,607,9,9,607,0,0,120987
716,3,infinite,140,121734,608,1,1,608,0,0,121126
717,3,infinite,632,122366,611,3,3,611,0,0,121755
718,3,infinite,918,123284,616,5,5,616,0,0,122668
719,3,infinite,14,123298,616,0,0,616,0,0,122682
720,3,infinite,10,123308,616,0,0,616,0,0,122692
721,3,infinite,4,123312,616,0,0,616,0,0,122696
722,3,infinite,10,123322,616,0,0,616,0,0,122706
723,3,infinite,14,123336,616,0,0,616,0,0,122720
724,3,infinite,14,123350,616,0,0,616,0,0,122734
725,3,infinite,4,123354,616,0,0,616,0,0,122738
726,3,infinite,22,123376,616,0,0,616,0,0,122760
727,3,infinite,12,123388,616,0,0,616,0,0,122772
728,3,infinite,10,123398,616,0,0,616,0,0,122782
729,3,infinite,4,123402,617,1,1,617,0,0,122785
730,3,infinite,28,123430,617,0,0,617,0,0,122813
731,3,infinite,16,123446,617,0,0,617,0,0,122829
732,3,infinite,10,123456,617,0,0,617,0,0,122839
733,3,infinite,10,123466,617,0,0,617,0,0,122849
734,3,infinite,8,123474,617,0,0,617,0,0,122857
735,3,infinite,12,123486,617,0,0,617,0,0,122869
736,3,infinite,14,123500,617,0,0,617,0,0,122883
737,3,infinite,10,123510,617,0,0,617,0,0,122893
738,3,infinite,10,123520,617,0,0,617,0,0,122903
739,3,infinite,10,123530,617,0,0,617,0,0,122913
740,3,infinite,6,123536,617,0,0,617,0,0,122919
741,3,infinite,22,123558,617,0,0,617,0,0,122941
742,3,infinite,14,123572,617,0,0,617,0,0,122955
743,3,infinite,8,123580,617,0,0,617,0,0,122963
