cycle,profile,routing_contract,block_steps,bootstrap_seed,test_step_min,test_step_max,incumbent_alpha,candidate_alpha,decision,primary_metric,primary_point_delta,primary_lower_bound,incumbent_precision,candidate_precision,delta_precision,lcb_precision,ucb_precision,incumbent_fraud_recall,candidate_fraud_recall,delta_fraud_recall,lcb_fraud_recall,ucb_fraud_recall,incumbent_fraud_value_recall,candidate_fraud_value_recall,delta_fraud_value_recall,lcb_fraud_value_recall,ucb_fraud_value_recall,delta_balanced_hmean,lcb_balanced_hmean,ucb_balanced_hmean,precision_guardrail_pass,fraud_recall_guardrail_pass,fraud_value_recall_guardrail_pass,queue_overlap_rate,replacement_count,incumbent_review_delay_mean_steps,candidate_review_delay_mean_steps,incumbent_review_delay_p90_steps,candidate_review_delay_p90_steps,bootstrap_valid,reason
2,balanced,seen_so_far_backlog,1,20262026,645,694,0.25,0.25,KEEP_INCUMBENT,balanced_hmean,-0.00022239437524973482,-0.009330693015528226,0.42042042042042044,0.42042042042042044,0.0,-0.006314102888694387,0.00605948376285381,0.2564102564102564,0.2564102564102564,0.0,-0.006968641114982586,0.00663816669288861,0.8173679023122683,0.8154213586653648,-0.001946543646903498,-0.012815417908183703,0.003497132918667426,-0.00022239437524973482,-0.009330693015528226,0.007801731526691695,True,True,True,0.996996996996997,1,8.585585585585585,8.567567567567568,28.80000000000001,28.0,2000,promotion evidence is insufficient under the pre-declared gain and guardrail rules
2,balanced,seen_so_far_backlog,3,20264026,645,694,0.25,0.25,KEEP_INCUMBENT,balanced_hmean,-0.00022239437524973482,-0.008326540000564356,0.42042042042042044,0.42042042042042044,0.0,-0.005581384925723091,0.005838817134020384,0.2564102564102564,0.2564102564102564,0.0,-0.006147540983606546,0.005711684149184151,0.8173679023122683,0.8154213586653648,-0.001946543646903498,-0.012141121545078425,0.0036203995637762876,-0.00022239437524973482,-0.008326540000564356,0.007416194045843775,True,True,True,0.996996996996997,1,8.585585585585585,8.567567567567568,28.80000000000001,28.0,2000,promotion evidence is insufficient under the pre-declared gain and guardrail rules
2,balanced,seen_so_far_backlog,5,20261026,645,694,0.25,0.25,KEEP_INCUMBENT,balanced_hmean,-0.00022239437524973482,-0.008122233881917879,0.42042042042042044,0.42042042042042044,0.0,-0.005862144160273972,0.005483826011754702,0.2564102564102564,0.2564102564102564,0.0,-0.005960483462973487,0.0065007332515475864,0.8173679023122683,0.8154213586653648,-0.001946543646903498,-0.01175046664525058,0.003246103076015906,-0.00022239437524973482,-0.008122233881917879,0.007812031118226361,True,True,True,0.996996996996997,1,8.585585585585585,8.567567567567568,28.80000000000001,28.0,2000,promotion evidence is insufficient under the pre-declared gain and guardrail rules
2,balanced,seen_so_far_backlog,10,20271026,645,694,0.25,0.25,KEEP_INCUMBENT,balanced_hmean,-0.00022239437524973482,-0.00776113782980005,0.42042042042042044,0.42042042042042044,0.0,-0.00407047369380334,0.0034833597165687003,0.2564102564102564,0.2564102564102564,0.0,-0.005576208178438652,0.004587155963302734,0.8173679023122683,0.8154213586653648,-0.001946543646903498,-0.010241337472218752,0.002084624041160327,-0.00022239437524973482,-0.00776113782980005,0.005369700568369895,True,True,True,0.996996996996997,1,8.585585585585585,8.567567567567568,28.80000000000001,28.0,2000,promotion evidence is insufficient under the pre-declared gain and guardrail rules
2,case_first,seen_so_far_backlog,1,20262025,645,694,0.25,0.25,KEEP_INCUMBENT,fraud_recall,0.0,-0.006072874493927127,0.42042042042042044,0.42042042042042044,0.0,-0.005990285833643446,0.00638902525954573,0.2564102564102564,0.2564102564102564,0.0,-0.006072874493927127,0.007362211489761943,0.8173679023122683,0.8154213586653648,-0.001946543646903498,-0.012479319930987633,0.0037688654200826077,-0.00022239437524973482,-0.008495054114221138,0.008805887993838779,True,True,True,0.996996996996997,1,8.585585585585585,8.567567567567568,28.80000000000001,28.0,2000,promotion evidence is insufficient under the pre-declared gain and guardrail rules
2,case_first,seen_so_far_backlog,3,20264025,645,694,0.25,0.25,KEEP_INCUMBENT,fraud_recall,0.0,-0.006072874493927127,0.42042042042042044,0.42042042042042044,0.0,-0.005975484145153868,0.006140189852788583,0.2564102564102564,0.2564102564102564,0.0,-0.006072874493927127,0.006072012138188644,0.8173679023122683,0.8154213586653648,-0.001946543646903498,-0.012190492394475463,0.00340418559227713,-0.00022239437524973482,-0.008406863611856432,0.007499674753652323,True,True,True,0.996996996996997,1,8.585585585585585,8.567567567567568,28.80000000000001,28.0,2000,promotion evidence is insufficient under the pre-declared gain and guardrail rules
2,case_first,seen_so_far_backlog,5,20261025,645,694,0.25,0.25,KEEP_INCUMBENT,fraud_recall,0.0,-0.00579150579150578,0.42042042042042044,0.42042042042042044,0.0,-0.005506537142967487,0.005207963679405678,0.2564102564102564,0.2564102564102564,0.0,-0.00579150579150578,0.005625193601982489,0.8173679023122683,0.8154213586653648,-0.001946543646903498,-0.010949002607832634,0.0030680967641984564,-0.00022239437524973482,-0.007981372439522594,0.006740537041109852,True,True,True,0.996996996996997,1,8.585585585585585,8.567567567567568,28.80000000000001,28.0,2000,promotion evidence is insufficient under the pre-declared gain and guardrail rules
2,case_first,seen_so_far_backlog,10,20271025,645,694,0.25,0.25,KEEP_INCUMBENT,fraud_recall,0.0,-0.005604965981623037,0.42042042042042044,0.42042042042042044,0.0,-0.0036805183201314502,0.0036041658655562607,0.2564102564102564,0.2564102564102564,0.0,-0.005604965981623037,0.004746835443038,0.8173679023122683,0.8154213586653648,-0.001946543646903498,-0.010049787562183003,0.002226071933631939,-0.00022239437524973482,-0.007524190045492175,0.005764445854285925,True,True,True,0.996996996996997,1,8.585585585585585,8.567567567567568,28.80000000000001,28.0,2000,promotion evidence is insufficient under the pre-declared gain and guardrail rules
2,value_first,seen_so_far_backlog,1,20262027,645,694,0.25,0.5,KEEP_INCUMBENT,fraud_value_recall,-0.0021297454070181576,-0.0068709209362734155,0.42042042042042044,0.4144144144144144,-0.006006006006006037,-0.013342084534596297,0.0,0.2564102564102564,0.25274725274725274,-0.00366300366300365,-0.011098231800161873,0.0,0.8173679023122683,0.8152381569052501,-0.0021297454070181576,-0.0068709209362734155,0.0,-0.0044975747507458586,-0.01379545251518417,0.0,True,True,True,0.993993993993994,2,8.585585585585585,8.525525525525525,28.80000000000001,28.80000000000001,2000,promotion evidence is insufficient under the pre-declared gain and guardrail rules
2,value_first,seen_so_far_backlog,3,20264027,645,694,0.25,0.5,KEEP_INCUMBENT,fraud_value_recall,-0.0021297454070181576,-0.006161492345934312,0.42042042042042044,0.4144144144144144,-0.006006006006006037,-0.012299968795196806,0.0,0.2564102564102564,0.25274725274725274,-0.00366300366300365,-0.010452961672473893,0.0,0.8173679023122683,0.8152381569052501,-0.0021297454070181576,-0.006161492345934312,0.0,-0.0044975747507458586,-0.012701535489561563,0.0,True,True,True,0.993993993993994,2,8.585585585585585,8.525525525525525,28.80000000000001,28.80000000000001,2000,promotion evidence is insufficient under the pre-declared gain and guardrail rules
2,value_first,seen_so_far_backlog,5,20261027,645,694,0.25,0.5,KEEP_INCUMBENT,fraud_value_recall,-0.0021297454070181576,-0.00543767594424475,0.42042042042042044,0.4144144144144144,-0.006006006006006037,-0.011814856609701028,-0.00022438082254032824,0.2564102564102564,0.25274725274725274,-0.00366300366300365,-0.009803921568627435,0.0,0.8173679023122683,0.8152381569052501,-0.0021297454070181576,-0.00543767594424475,0.0,-0.0044975747507458586,-0.011643133516437669,0.0,True,True,True,0.993993993993994,2,8.585585585585585,8.525525525525525,28.80000000000001,28.80000000000001,2000,promotion evidence is insufficient under the pre-declared gain and guardrail rules
2,value_first,seen_so_far_backlog,10,20271027,645,694,0.25,0.5,KEEP_INCUMBENT,fraud_value_recall,-0.0021297454070181576,-0.0045299283093687215,0.42042042042042044,0.4144144144144144,-0.006006006006006037,-0.010420006503369283,-0.0008077889295722744,0.2564102564102564,0.25274725274725274,-0.00366300366300365,-0.008196721311475419,0.0,0.8173679023122683,0.8152381569052501,-0.0021297454070181576,-0.0045299283093687215,0.0,-0.0044975747507458586,-0.009800704590151879,0.0,True,True,True,0.993993993993994,2,8.585585585585585,8.525525525525525,28.80000000000001,28.80000000000001,2000,promotion evidence is insufficient under the pre-declared gain and guardrail rules
3,balanced,seen_so_far_backlog,1,20262126,695,743,0.25,0.25,KEEP_INCUMBENT,balanced_hmean,-0.004305280833759473,-0.018943407821891838,0.8732394366197183,0.8591549295774648,-0.014084507042253502,-0.04402515723270439,0.0,0.11151079136690648,0.10971223021582734,-0.0017985611510791394,-0.012112068965517251,0.00733520972491561,0.3946011427613643,0.37324497201906376,-0.021356170742300562,-0.05552776394820361,0.004546092773903116,-0.004305280833759473,-0.018943407821891838,0.009163437548041463,False,True,False,0.9436619718309859,4,2.8450704225352115,2.8732394366197185,7.0,8.0,2000,promotion evidence is insufficient under the pre-declared gain and guardrail rules
3,balanced,seen_so_far_backlog,3,20264126,695,743,0.25,0.25,KEEP_INCUMBENT,balanced_hmean,-0.004305280833759473,-0.017067357527206204,0.8732394366197183,0.8591549295774648,-0.014084507042253502,-0.04433270676691727,0.0,0.11151079136690648,0.10971223021582734,-0.0017985611510791394,-0.01079262116253702,0.007481857629147502,0.3946011427613643,0.37324497201906376,-0.021356170742300562,-0.05053526366252416,0.004269358652974757,-0.004305280833759473,-0.017067357527206204,0.008957541890456496,False,True,False,0.9436619718309859,4,2.8450704225352115,2.8732394366197185,7.0,8.0,2000,promotion evidence is insufficient under the pre-declared gain and guardrail rules
3,balanced,seen_so_far_backlog,5,20261126,695,743,0.25,0.25,KEEP_INCUMBENT,balanced_hmean,-0.004305280833759473,-0.015930133004112595,0.8732394366197183,0.8591549295774648,-0.014084507042253502,-0.041867175273865374,0.0,0.11151079136690648,0.10971223021582734,-0.0017985611510791394,-0.00976688164465823,0.005785478029214558,0.3946011427613643,0.37324497201906376,-0.021356170742300562,-0.05133791819739066,0.002916313133985338,-0.004305280833759473,-0.015930133004112595,0.006559565451622335,False,True,False,0.9436619718309859,4,2.8450704225352115,2.8732394366197185,7.0,8.0,2000,promotion evidence is insufficient under the pre-declared gain and guardrail rules
3,balanced,seen_so_far_backlog,10,20271126,695,743,0.25,0.25,KEEP_INCUMBENT,balanced_hmean,-0.004305280833759473,-0.014889456303895054,0.8732394366197183,0.8591549295774648,-0.014084507042253502,-0.03891269549164281,0.0,0.11151079136690648,0.10971223021582734,-0.0017985611510791394,-0.009363295880149817,0.003694706391508356,0.3946011427613643,0.37324497201906376,-0.021356170742300562,-0.05125740127201456,0.0007807485346315455,-0.004305280833759473,-0.014889456303895054,0.002743947918422333,False,True,False,0.9436619718309859,4,2.8450704225352115,2.8732394366197185,7.0,8.0,2000,promotion evidence is insufficient under the pre-declared gain and guardrail rules
3,case_first,seen_so_far_backlog,1,20262125,695,743,0.25,0.25,KEEP_INCUMBENT,fraud_recall,-0.0017985611510791394,-0.011208354295936054,0.8732394366197183,0.8591549295774648,-0.014084507042253502,-0.04353265844953636,0.0,0.11151079136690648,0.10971223021582734,-0.0017985611510791394,-0.011208354295936054,0.007566779061147384,0.3946011427613643,0.37324497201906376,-0.021356170742300562,-0.0539003595587371,0.00329573997845437,-0.004305280833759473,-0.01723522649033918,0.008929564687566241,False,True,False,0.9436619718309859,4,2.8450704225352115,2.8732394366197185,7.0,8.0,2000,promotion evidence is insufficient under the pre-declared gain and guardrail rules
3,case_first,seen_so_far_backlog,3,20264125,695,743,0.25,0.25,KEEP_INCUMBENT,fraud_recall,-0.0017985611510791394,-0.010819728959003731,0.8732394366197183,0.8591549295774648,-0.014084507042253502,-0.04432920536635705,0.0,0.11151079136690648,0.10971223021582734,-0.0017985611510791394,-0.010819728959003731,0.007177268937538135,0.3946011427613643,0.37324497201906376,-0.021356170742300562,-0.05173490197321688,0.004443352508475342,-0.004305280833759473,-0.01690771826909209,0.008454120940816351,False,True,False,0.9436619718309859,4,2.8450704225352115,2.8732394366197185,7.0,8.0,2000,promotion evidence is insufficient under the pre-declared gain and guardrail rules
3,case_first,seen_so_far_backlog,5,20261125,695,743,0.25,0.25,KEEP_INCUMBENT,fraud_recall,-0.0017985611510791394,-0.009375322669970808,0.8732394366197183,0.8591549295774648,-0.014084507042253502,-0.045150525575053856,0.0,0.11151079136690648,0.10971223021582734,-0.0017985611510791394,-0.009375322669970808,0.00576228938297904,0.3946011427613643,0.37324497201906376,-0.021356170742300562,-0.05092840272585646,0.002478572155958487,-0.004305280833759473,-0.015578501495382549,0.006685520448098901,False,True,False,0.9436619718309859,4,2.8450704225352115,2.8732394366197185,7.0,8.0,2000,promotion evidence is insufficient under the pre-declared gain and guardrail rules
3,case_first,seen_so_far_backlog,10,20271125,695,743,0.25,0.25,KEEP_INCUMBENT,fraud_recall,-0.0017985611510791394,-0.009665292368780753,0.8732394366197183,0.8591549295774648,-0.014084507042253502,-0.04104908046933838,0.0,0.11151079136690648,0.10971223021582734,-0.0017985611510791394,-0.009665292368780753,0.003685775236020328,0.3946011427613643,0.37324497201906376,-0.021356170742300562,-0.04969108770587243,0.0004072600950064992,-0.004305280833759473,-0.015471897261505788,0.002509218219321298,False,True,False,0.9436619718309859,4,2.8450704225352115,2.8732394366197185,7.0,8.0,2000,promotion evidence is insufficient under the pre-declared gain and guardrail rules
3,value_first,seen_so_far_backlog,1,20262127,695,743,0.25,1.0,KEEP_INCUMBENT,fraud_value_recall,0.009541715917814109,-0.010391491590630617,0.8732394366197183,0.8450704225352113,-0.028169014084507005,-0.0798974358974359,0.0,0.11151079136690648,0.1079136690647482,-0.0035971223021582788,-0.017198056506098108,0.009592530129987975,0.3946011427613643,0.40414285867917843,0.009541715917814109,-0.010391491590630617,0.03686769375008746,-0.003540939932605569,-0.022193552054642945,0.01458490233962686,False,True,True,0.9154929577464789,6,2.8450704225352115,2.676056338028169,7.0,8.0,2000,promotion evidence is insufficient under the pre-declared gain and guardrail rules
3,value_first,seen_so_far_backlog,3,20264127,695,743,0.25,1.0,KEEP_INCUMBENT,fraud_value_recall,0.009541715917814109,-0.009365448990093938,0.8732394366197183,0.8450704225352113,-0.028169014084507005,-0.07789463671816613,0.0,0.11151079136690648,0.1079136690647482,-0.0035971223021582788,-0.017857142857142853,0.008984036796536799,0.3946011427613643,0.40414285867917843,0.009541715917814109,-0.009365448990093938,0.031815650612671366,-0.003540939932605569,-0.022218170389520696,0.013272554658386953,False,True,True,0.9154929577464789,6,2.8450704225352115,2.676056338028169,7.0,8.0,2000,promotion evidence is insufficient under the pre-declared gain and guardrail rules
3,value_first,seen_so_far_backlog,5,20261127,695,743,0.25,1.0,KEEP_INCUMBENT,fraud_value_recall,0.009541715917814109,-0.008090730478370852,0.8732394366197183,0.8450704225352113,-0.028169014084507005,-0.07467521652231843,0.0,0.11151079136690648,0.1079136690647482,-0.0035971223021582788,-0.01696770723737671,0.007151604369346302,0.3946011427613643,0.40414285867917843,0.009541715917814109,-0.008090730478370852,0.030332818473046377,-0.003540939932605569,-0.020945615764976055,0.010875902096373064,False,True,True,0.9154929577464789,6,2.8450704225352115,2.676056338028169,7.0,8.0,2000,promotion evidence is insufficient under the pre-declared gain and guardrail rules
3,value_first,seen_so_far_backlog,10,20271127,695,743,0.25,1.0,KEEP_INCUMBENT,fraud_value_recall,0.009541715917814109,-0.006724351256195055,0.8732394366197183,0.8450704225352113,-0.028169014084507005,-0.07918773231273228,0.0,0.11151079136690648,0.1079136690647482,-0.0035971223021582788,-0.015254237288135603,0.0055286628540305105,0.3946011427613643,0.40414285867917843,0.009541715917814109,-0.006724351256195055,0.03080083535598825,-0.003540939932605569,-0.01799923681080031,0.009114919573171659,False,True,True,0.9154929577464789,6,2.8450704225352115,2.676056338028169,7.0,8.0,2000,promotion evidence is insufficient under the pre-declared gain and guardrail rules
