cycle,profile,test_step_min,test_step_max,incumbent_alpha,candidate_alpha,decision,primary_metric,primary_point_delta,primary_lower_bound,delta_precision,lcb_precision,ucb_precision,delta_fraud_recall,lcb_fraud_recall,ucb_fraud_recall,delta_fraud_value_recall,lcb_fraud_value_recall,ucb_fraud_value_recall,delta_balanced_hmean,lcb_balanced_hmean,ucb_balanced_hmean,precision_guardrail_pass,fraud_recall_guardrail_pass,fraud_value_recall_guardrail_pass,bootstrap_valid,reason
1,case_first,595,644,0.25,0.25,NO_POLICY_CHANGE,fraud_recall,,,,,,,,,,,,,,,True,True,True,0,candidate and incumbent policy scores are identical by construction
1,balanced,595,644,0.25,0.25,NO_POLICY_CHANGE,balanced_hmean,,,,,,,,,,,,,,,True,True,True,0,candidate and incumbent policy scores are identical by construction
1,value_first,595,644,0.25,0.25,NO_POLICY_CHANGE,fraud_value_recall,,,,,,,,,,,,,,,True,True,True,0,candidate and incumbent policy scores are identical by construction
2,case_first,645,694,0.25,0.25,KEEP_INCUMBENT,fraud_recall,0.0,-0.00579150579150578,0.0,-0.005506537142967487,0.005207963679405678,0.0,-0.00579150579150578,0.005625193601982489,-0.001946543646903498,-0.010949002607832634,0.0030680967641984564,-0.00022239437524973482,-0.007981372439522594,0.006740537041109852,True,True,True,2000,promotion evidence is insufficient under the pre-declared gain and guardrail rules
2,balanced,645,694,0.25,0.25,KEEP_INCUMBENT,balanced_hmean,-0.00022239437524973482,-0.008122233881917879,0.0,-0.005862144160273972,0.005483826011754702,0.0,-0.005960483462973487,0.0065007332515475864,-0.001946543646903498,-0.01175046664525058,0.003246103076015906,-0.00022239437524973482,-0.008122233881917879,0.007812031118226361,True,True,True,2000,promotion evidence is insufficient under the pre-declared gain and guardrail rules
2,value_first,645,694,0.25,0.5,KEEP_INCUMBENT,fraud_value_recall,-0.0021297454070181576,-0.00543767594424475,-0.006006006006006037,-0.011814856609701028,-0.00022438082254032824,-0.00366300366300365,-0.009803921568627435,0.0,-0.0021297454070181576,-0.00543767594424475,0.0,-0.0044975747507458586,-0.011643133516437669,0.0,True,True,True,2000,promotion evidence is insufficient under the pre-declared gain and guardrail rules
3,case_first,695,743,0.25,0.25,KEEP_INCUMBENT,fraud_recall,0.0,0.0,0.0,0.0,0.0,0.0,0.0,0.0,0.0,0.0,0.0,0.0,0.0,0.0,True,True,True,2000,promotion evidence is insufficient under the pre-declared gain and guardrail rules
3,balanced,695,743,0.25,0.25,KEEP_INCUMBENT,balanced_hmean,0.0,0.0,0.0,0.0,0.0,0.0,0.0,0.0,0.0,0.0,0.0,0.0,0.0,0.0,True,True,True,2000,promotion evidence is insufficient under the pre-declared gain and guardrail rules
3,value_first,695,743,0.25,1.0,KEEP_INCUMBENT,fraud_value_recall,0.20195801896906945,0.09782409437786647,0.0,0.0,0.0,0.0,-0.02976581027667984,0.023599870064118227,0.20195801896906945,0.09782409437786647,0.2653059411297407,0.016690872197482942,-0.028344957892902162,0.053106181862942047,True,False,True,2000,promotion evidence is insufficient under the pre-declared gain and guardrail rules
