cycle,profile,static_alpha,rolling_alpha,static_precision,rolling_precision,delta_precision,static_fraud_recall,rolling_fraud_recall,delta_fraud_recall,static_fraud_value_recall,rolling_fraud_value_recall,delta_fraud_value_recall
1,balanced,0.25,0.25,0.6132075471698113,0.6132075471698113,0.0,0.23550724637681159,0.23550724637681159,0.0,0.7545365406918171,0.7545365406918171,0.0
1,case_first,0.25,0.25,0.6132075471698113,0.6132075471698113,0.0,0.23550724637681159,0.23550724637681159,0.0,0.7545365406918171,0.7545365406918171,0.0
1,value_first,0.25,0.25,0.6132075471698113,0.6132075471698113,0.0,0.23550724637681159,0.23550724637681159,0.0,0.7545365406918171,0.7545365406918171,0.0
2,balanced,0.25,0.25,0.42042042042042044,0.42042042042042044,0.0,0.2564102564102564,0.2564102564102564,0.0,0.8173679023122683,0.8154213586653648,-0.001946543646903498
2,case_first,0.25,0.25,0.42042042042042044,0.42042042042042044,0.0,0.2564102564102564,0.2564102564102564,0.0,0.8173679023122683,0.8154213586653648,-0.001946543646903498
2,value_first,0.25,0.5,0.42042042042042044,0.4144144144144144,-0.006006006006006037,0.2564102564102564,0.25274725274725274,-0.00366300366300365,0.8173679023122683,0.8152381569052501,-0.0021297454070181576
3,balanced,0.25,0.25,1.0,1.0,0.0,0.12769784172661872,0.12769784172661872,0.0,0.40757533170724475,0.40757533170724475,0.0
3,case_first,0.25,0.25,1.0,1.0,0.0,0.12769784172661872,0.12769784172661872,0.0,0.40757533170724475,0.40757533170724475,0.0
3,value_first,0.25,1.0,1.0,1.0,0.0,0.12769784172661872,0.12769784172661872,0.0,0.40757533170724475,0.6095333506763142,0.20195801896906945
