ranker,target_alerts_per_10k,capacity_n,alerts,actual_alerts_per_10k,precision,recall,legit_flag_rate,legit_alerts_per_10k,fraud_value_recall,fraud_alerts,legit_alerts,boundary_score,boundary_tie_n,boundary_tie_selected_n,tie_breaker,period,step_min,step_max,n,fraud_n
relational_model_probability,50.0,212,212,49.98113919275745,0.6037735849056604,0.2318840579710145,0.002006497229122874,20.06497229122874,0.7433784955336955,128,84,0.1770866228000776,4,1,stable_non_label_event_key,future_window_1,595,644,42416,552
relational_model_probability,50.0,333,333,49.87120349847242,0.46546546546546547,0.2838827838827839,0.0026877661341467097,26.877661341467096,0.8098629171689833,155,178,0.24686948473641937,259,228,stable_non_label_event_key,future_window_2,645,694,66772,546
relational_model_probability,50.0,71,71,49.332962757087266,1.0,0.12769784172661872,0.0,0.0,0.40757533170724475,71,0,0.5619410895543362,1,1,stable_non_label_event_key,future_window_3,695,743,14392,556
model_probability_x_amount,50.0,212,212,49.98113919275745,0.5801886792452831,0.22282608695652173,0.0021259315879992354,21.259315879992354,0.7560889074370225,123,89,391088.43040453113,1,1,stable_non_label_event_key,future_window_1,595,644,42416,552
model_probability_x_amount,50.0,333,333,49.87120349847242,0.3963963963963964,0.24175824175824176,0.0030350617582218463,30.350617582218465,0.810810167584107,132,201,712615.8023689479,1,1,stable_non_label_event_key,future_window_2,645,694,66772,546
model_probability_x_amount,50.0,71,71,49.332962757087266,1.0,0.12769784172661872,0.0,0.0,0.6196587003728199,71,0,1835660.163651311,1,1,stable_non_label_event_key,future_window_3,695,743,14392,556
amount_type_rule,50.0,212,212,49.98113919275745,0.4009433962264151,0.1539855072463768,0.0030336327154595836,30.336327154595836,0.6671625073009457,85,127,14.760041179979217,2,1,stable_non_label_event_key,future_window_1,595,644,42416,552
amount_type_rule,50.0,333,333,49.87120349847242,0.29429429429429427,0.1794871794871795,0.003548455289463353,35.48455289463353,0.7405970867361378,98,235,14.927557749471704,1,1,stable_non_label_event_key,future_window_2,645,694,66772,546
amount_type_rule,50.0,71,71,49.332962757087266,1.0,0.12769784172661872,0.0,0.0,0.6477915243031709,71,0,15.639900159846169,2,1,stable_non_label_event_key,future_window_3,695,743,14392,556
